Booking_ID,Customer_ID,Vehicle_Type,Booking_Status,Payment_Method,Ride_Distance,Booking_Value,Customer_Rating,Driver_Ratings,Incomplete_Rides_Reason,Incomplete_Rides,Booking_date,Booking_time
CNR7153255142,CID713523,"Prime Sedan","Canceled by Driver",NULL,0,444,NULL,NULL,NULL,NULL,2024-07-26,14:00:00
CNR2940424040,CID225428,Bike,Success,Cash,13,158,4,4.1,NULL,No,2024-07-25,22:20:00
CNR2982357879,CID270156,"Prime SUV",Success,UPI,40,386,4.8,4.2,NULL,No,2024-07-30,19:59:00
CNR2395710036,CID581320,eBike,"Canceled by Customer",NULL,0,384,NULL,NULL,NULL,NULL,2024-07-22,03:15:00
CNR1797421769,CID939555,Mini,Success,"Credit Card",45,822,3,4,NULL,No,2024-07-02,09:02:00
CNR8787177882,CID802429,Mini,Success,UPI,41,173,4.6,3.4,NULL,No,2024-07-13,04:42:00
CNR3612067560,CID476071,Bike,Success,Cash,49,140,4.5,3.2,NULL,No,2024-07-23,09:51:00
CNR5374902489,CID735691,"Prime Plus","Canceled by Driver",NULL,0,344,NULL,NULL,NULL,NULL,2024-07-11,11:12:00
CNR5030602354,CID999840,Mini,"Driver Not Found",NULL,0,839,NULL,NULL,NULL,NULL,2024-07-01,19:19:00
CNR6328453219,CID907133,Auto,"Canceled by Driver",NULL,0,893,NULL,NULL,NULL,NULL,2024-07-18,01:31:00
CNR4787583516,CID923404,"Prime Plus",Success,Cash,46,164,3.4,4.5,NULL,No,2024-07-29,23:33:00
CNR7943634301,CID647026,"Prime Plus",Success,Cash,18,399,4.4,3.9,NULL,No,2024-07-26,04:03:00
CNR4524472111,CID540929,Auto,Success,UPI,8,330,4.8,3,NULL,No,2024-07-27,13:18:00
CNR3914552212,CID557845,Auto,"Canceled by Driver",NULL,0,427,NULL,NULL,NULL,NULL,2024-07-17,18:55:00
CNR8181602032,CID167642,Bike,Success,UPI,18,378,4.1,4.8,NULL,No,2024-07-16,09:54:00
CNR8090918544,CID640151,Bike,Success,UPI,23,343,3.6,3.7,NULL,No,2024-07-02,10:25:00
CNR3211335290,CID630354,Mini,"Driver Not Found",NULL,0,366,NULL,NULL,NULL,NULL,2024-07-02,23:50:00
CNR3196156650,CID243275,Bike,Success,Cash,8,401,3.9,3.3,NULL,No,2024-07-05,23:42:00
CNR9975925287,CID162055,"Prime SUV",Success,UPI,17,343,3.8,3,NULL,No,2024-07-09,11:11:00
CNR1591113431,CID902781,eBike,Success,Cash,33,2014,4.9,4.2,NULL,No,2024-07-12,14:44:00
CNR3650331573,CID217093,eBike,Success,Cash,34,650,3.4,4.9,NULL,No,2024-07-11,20:42:00
CNR6013805089,CID817034,"Prime Sedan",Success,Cash,2,231,3.7,3.2,NULL,No,2024-07-08,22:33:00
CNR4306636052,CID103842,"Prime SUV","Canceled by Driver",NULL,0,909,NULL,NULL,NULL,NULL,2024-07-16,10:17:00
CNR9832070187,CID655872,Bike,Success,Cash,6,189,3.3,4.9,NULL,No,2024-07-03,18:20:00
CNR5620539253,CID290480,"Prime Plus",Success,Cash,28,311,3,4.3,NULL,No,2024-07-03,21:17:00
CNR4443921904,CID654618,Mini,Success,UPI,44,286,3.3,4,NULL,No,2024-07-19,21:18:00
CNR7194303296,CID538245,Mini,Success,UPI,35,141,3.1,4.7,NULL,No,2024-07-25,03:44:00
CNR6494005067,CID805360,Auto,Success,UPI,2,214,4.5,3.3,NULL,No,2024-07-15,17:11:00
CNR6805579107,CID810214,"Prime SUV",Success,Cash,20,2183,4.4,4,NULL,No,2024-07-30,19:44:00
CNR6003663433,CID350426,"Prime Plus","Canceled by Customer",NULL,0,604,NULL,NULL,NULL,NULL,2024-07-21,08:26:00
CNR2998177390,CID946041,Auto,"Driver Not Found",NULL,0,802,NULL,NULL,NULL,NULL,2024-07-23,07:04:00
CNR7979458138,CID978509,eBike,Success,Cash,38,1095,4.7,4.8,NULL,No,2024-07-27,06:18:00
CNR7286474506,CID500806,eBike,"Canceled by Customer",NULL,0,120,NULL,NULL,NULL,NULL,2024-07-23,10:17:00
CNR9820692957,CID625327,"Prime Sedan",Success,Cash,33,241,3.5,3.2,NULL,No,2024-07-23,12:56:00
CNR4094067439,CID896062,"Prime Sedan",Success,Cash,45,475,3.1,4.3,NULL,No,2024-07-08,11:52:00
CNR7142279862,CID378034,eBike,Success,UPI,49,461,3.1,4.5,NULL,No,2024-07-14,05:25:00
CNR5488574120,CID169284,Auto,"Canceled by Driver",NULL,0,783,NULL,NULL,NULL,NULL,2024-07-23,09:33:00
CNR8148468821,CID347094,"Prime Plus","Canceled by Driver",NULL,0,995,NULL,NULL,NULL,NULL,2024-07-03,16:16:00
CNR5176704322,CID296026,"Prime Plus",Success,UPI,41,1102,3.5,3.1,"Customer Demand",Yes,2024-07-03,00:58:00
CNR9287248724,CID959554,"Prime SUV","Canceled by Driver",NULL,0,170,NULL,NULL,NULL,NULL,2024-07-24,17:31:00
CNR7547352327,CID976231,"Prime Plus",Success,UPI,6,444,4.9,3.8,NULL,No,2024-07-10,21:56:00
CNR9660405769,CID483311,eBike,"Canceled by Driver",NULL,0,1130,NULL,NULL,NULL,NULL,2024-07-20,15:30:00
CNR4251304471,CID888740,"Prime SUV",Success,Cash,21,876,3.3,4.7,NULL,No,2024-07-11,03:22:00
CNR1568684278,CID709612,"Prime Plus",Success,UPI,24,680,3.8,4.7,NULL,No,2024-07-06,15:02:00
CNR2230045814,CID961125,"Prime SUV",Success,Cash,11,425,4.6,3.5,NULL,No,2024-07-05,20:28:00
CNR7871058089,CID221021,Mini,Success,Cash,4,989,4.2,4.5,NULL,No,2024-07-11,11:28:00
CNR5503358927,CID552049,Bike,"Driver Not Found",NULL,0,594,NULL,NULL,NULL,NULL,2024-07-16,16:25:00
CNR2708187615,CID415325,"Prime Plus",Success,Cash,5,443,3.1,3.4,NULL,No,2024-07-12,18:02:00
CNR1625119636,CID745270,eBike,Success,Cash,19,721,4.7,3.8,NULL,No,2024-07-16,22:35:00
CNR9312632867,CID649563,"Prime SUV",Success,Cash,34,2936,4.6,4.1,"Vehicle Breakdown",Yes,2024-07-26,13:20:00
CNR5274603340,CID477783,"Prime SUV",Success,Cash,25,747,3.5,5,NULL,No,2024-07-25,03:33:00
CNR1050003752,CID993137,Bike,Success,UPI,25,799,4.7,3.9,NULL,No,2024-07-17,03:30:00
CNR3603517873,CID386651,eBike,Success,Cash,14,300,4.6,3.3,NULL,No,2024-07-07,05:59:00
CNR1557960488,CID884386,"Prime SUV","Driver Not Found",NULL,0,162,NULL,NULL,NULL,NULL,2024-07-01,02:21:00
CNR9758857830,CID528642,"Prime Plus",Success,UPI,30,618,3.7,3.5,NULL,No,2024-07-01,02:45:00
CNR8080410192,CID416746,eBike,Success,UPI,9,251,4.4,5,NULL,No,2024-07-02,04:17:00
CNR1648186942,CID713303,Bike,"Canceled by Driver",NULL,0,543,NULL,NULL,NULL,NULL,2024-07-13,02:27:00
CNR2433490646,CID954071,Mini,Success,Cash,11,724,4.8,4.5,NULL,No,2024-07-25,10:57:00
CNR7825941026,CID234007,Mini,Success,UPI,27,316,4.7,3.1,NULL,No,2024-07-18,00:37:00
CNR9148580255,CID164393,"Prime SUV",Success,UPI,24,138,3,5,NULL,No,2024-07-22,13:08:00
CNR2946309760,CID984343,"Prime Plus",Success,Cash,24,467,4.2,4.5,NULL,No,2024-07-15,07:21:00
CNR3472489570,CID621402,"Prime SUV","Driver Not Found",NULL,0,565,NULL,NULL,NULL,NULL,2024-07-19,10:29:00
CNR1768885472,CID130993,"Prime SUV","Canceled by Driver",NULL,0,276,NULL,NULL,NULL,NULL,2024-07-07,16:56:00
CNR7486448495,CID931462,Auto,Success,UPI,5,296,4.3,4,NULL,No,2024-07-06,01:18:00
CNR2735636504,CID111173,"Prime SUV","Driver Not Found",NULL,0,1310,NULL,NULL,NULL,NULL,2024-07-04,15:32:00
CNR7533317866,CID867762,Mini,"Canceled by Customer",NULL,0,771,NULL,NULL,NULL,NULL,2024-07-26,17:17:00
CNR5758479139,CID805528,"Prime Sedan",Success,Cash,43,279,3.4,4.3,NULL,No,2024-07-01,02:55:00
CNR8021985469,CID604351,Mini,Success,Cash,39,321,4.7,3.3,NULL,No,2024-07-22,16:24:00
CNR3800597072,CID386103,Mini,Success,Cash,1,457,3.4,4.1,NULL,No,2024-07-21,19:56:00
CNR6179425512,CID607886,Mini,Success,Cash,45,139,3.8,4.9,NULL,No,2024-07-05,13:55:00
CNR7924302885,CID517661,Auto,Success,UPI,7,685,4.9,4.1,"Customer Demand",Yes,2024-07-29,19:40:00
CNR7181374756,CID700952,Auto,"Canceled by Driver",NULL,0,150,NULL,NULL,NULL,NULL,2024-07-15,21:19:00
CNR2830899440,CID808607,Mini,Success,UPI,21,196,3.4,4.3,NULL,No,2024-07-16,13:15:00
CNR7592165192,CID863704,"Prime SUV","Canceled by Driver",NULL,0,424,NULL,NULL,NULL,NULL,2024-07-14,11:37:00
CNR6077524333,CID708519,"Prime SUV","Canceled by Driver",NULL,0,827,NULL,NULL,NULL,NULL,2024-07-11,21:40:00
CNR8854206454,CID932765,eBike,Success,Cash,27,770,4.3,3.3,NULL,No,2024-07-14,04:15:00
CNR6387231274,CID686160,"Prime Sedan","Driver Not Found",NULL,0,325,NULL,NULL,NULL,NULL,2024-07-17,07:30:00
CNR6215530366,CID713821,eBike,Success,Cash,18,986,4.8,4.6,NULL,No,2024-07-04,14:43:00
CNR4314026109,CID259573,"Prime SUV",Success,Cash,40,2208,4.5,4,NULL,No,2024-07-29,14:56:00
CNR9027465661,CID737388,"Prime Sedan",Success,UPI,20,1695,4.7,4.5,NULL,No,2024-07-17,19:55:00
CNR5003494701,CID761134,Mini,"Canceled by Driver",NULL,0,305,NULL,NULL,NULL,NULL,2024-07-20,10:58:00
CNR2064658821,CID954441,Bike,Success,Cash,37,2271,4.2,3.4,NULL,No,2024-07-08,09:18:00
CNR2149029235,CID596869,Auto,Success,UPI,4,240,4.9,4,NULL,No,2024-07-07,01:31:00
CNR9704400677,CID974657,Mini,Success,Cash,37,482,3.9,4.4,NULL,No,2024-07-30,01:20:00
CNR8836460204,CID716037,eBike,Success,UPI,17,536,4.4,3.9,NULL,No,2024-07-03,11:25:00
CNR3697318609,CID915228,Bike,Success,UPI,37,188,4.1,4.9,NULL,No,2024-07-11,10:44:00
CNR6541289543,CID656539,"Prime SUV","Canceled by Driver",NULL,0,202,NULL,NULL,NULL,NULL,2024-07-22,18:17:00
CNR8369601219,CID581505,"Prime SUV","Canceled by Driver",NULL,0,1609,NULL,NULL,NULL,NULL,2024-07-21,06:54:00
CNR8346388703,CID680143,Mini,"Canceled by Driver",NULL,0,1821,NULL,NULL,NULL,NULL,2024-07-22,00:21:00
CNR4445082348,CID336831,Mini,Success,UPI,22,415,3.1,3.6,NULL,No,2024-07-26,09:39:00
CNR5528764313,CID808205,"Prime SUV",Success,UPI,6,2125,4.6,3.8,NULL,No,2024-07-26,06:06:00
CNR3967141568,CID163765,Auto,"Canceled by Driver",NULL,0,758,NULL,NULL,NULL,NULL,2024-07-03,15:04:00
CNR7054352438,CID270321,Mini,"Driver Not Found",NULL,0,653,NULL,NULL,NULL,NULL,2024-07-07,09:55:00
CNR1640228587,CID190281,"Prime Sedan",Success,Cash,42,704,4.8,4.7,"Other Issue",Yes,2024-07-22,12:51:00
CNR6684033796,CID352268,Auto,Success,Cash,19,385,3.7,4.1,NULL,No,2024-07-19,04:48:00
CNR4158584922,CID772392,Auto,Success,UPI,12,934,5,3.3,NULL,No,2024-07-01,05:03:00
CNR5133236273,CID905849,"Prime Plus","Canceled by Driver",NULL,0,615,NULL,NULL,NULL,NULL,2024-07-23,04:01:00
CNR5661490576,CID546076,Bike,Success,Cash,44,2202,3.4,4.7,NULL,No,2024-07-26,08:22:00
CNR2304446757,CID432144,eBike,Success,Cash,43,205,3.1,4.1,NULL,No,2024-07-05,12:36:00
CNR3780555542,CID803813,Mini,"Canceled by Customer",NULL,0,513,NULL,NULL,NULL,NULL,2024-07-18,07:21:00
CNR1559782157,CID906966,Auto,Success,Cash,8,247,3.3,3.1,NULL,No,2024-07-21,08:21:00
CNR7623690602,CID526261,Bike,Success,UPI,41,558,3.2,3.2,"Other Issue",Yes,2024-07-13,02:55:00
CNR2098165198,CID619972,"Prime Sedan",Success,UPI,5,291,3.3,3.8,NULL,No,2024-07-08,07:56:00
CNR5502012579,CID748475,Mini,Success,Cash,22,925,4,3,NULL,No,2024-07-22,04:32:00
CNR4698965967,CID529347,"Prime Sedan",Success,Cash,44,121,4.5,3.8,NULL,No,2024-07-24,21:58:00
CNR8566688320,CID175878,Bike,"Driver Not Found",NULL,0,404,NULL,NULL,NULL,NULL,2024-07-21,03:13:00
CNR8014852782,CID737119,"Prime Plus","Canceled by Customer",NULL,0,223,NULL,NULL,NULL,NULL,2024-07-29,12:44:00
CNR6012739836,CID308763,"Prime Sedan","Driver Not Found",NULL,0,2989,NULL,NULL,NULL,NULL,2024-07-15,08:31:00
CNR3404012927,CID344186,Mini,Success,Cash,14,728,5,4.3,NULL,No,2024-07-01,11:01:00
CNR9282027845,CID767941,Bike,Success,UPI,49,2416,3.8,3.1,NULL,No,2024-07-11,10:50:00
CNR5508853708,CID812594,"Prime Plus","Canceled by Customer",NULL,0,371,NULL,NULL,NULL,NULL,2024-07-30,10:02:00
CNR4241139229,CID133723,"Prime Plus",Success,Cash,32,258,4.1,4.7,NULL,No,2024-07-07,18:36:00
CNR8306274838,CID117206,Bike,"Driver Not Found",NULL,0,170,NULL,NULL,NULL,NULL,2024-07-27,23:48:00
CNR1903850514,CID126419,eBike,"Canceled by Customer",NULL,0,151,NULL,NULL,NULL,NULL,2024-07-16,15:25:00
CNR1852948877,CID953990,"Prime Sedan","Canceled by Driver",NULL,0,425,NULL,NULL,NULL,NULL,2024-07-26,21:02:00
CNR5744401218,CID507511,Bike,Success,UPI,2,220,3.1,3.4,NULL,No,2024-07-04,03:31:00
CNR7221640450,CID195611,"Prime Sedan",Success,UPI,16,472,4.5,3.3,NULL,No,2024-07-16,10:15:00
CNR8395803905,CID925776,eBike,"Canceled by Driver",NULL,0,616,NULL,NULL,NULL,NULL,2024-07-20,22:27:00
CNR3750351374,CID524066,"Prime SUV",Success,Cash,49,473,4.2,4,NULL,No,2024-07-15,09:20:00
CNR2869164142,CID884352,"Prime SUV",Success,Cash,11,259,4.5,4.8,NULL,No,2024-07-04,18:13:00
CNR8303547069,CID471469,Mini,Success,"Credit Card",2,310,3.1,3.3,NULL,No,2024-07-27,11:58:00
CNR7368110421,CID372218,Mini,"Canceled by Driver",NULL,0,200,NULL,NULL,NULL,NULL,2024-07-09,21:32:00
CNR7500310853,CID377809,"Prime Sedan",Success,UPI,39,471,3.7,3.5,NULL,No,2024-07-30,10:14:00
CNR8925319975,CID388701,"Prime Sedan",Success,UPI,37,442,4.5,4.1,NULL,No,2024-07-13,21:23:00
CNR9261561390,CID853883,Auto,Success,Cash,10,228,4.3,3.7,NULL,No,2024-07-29,19:56:00
CNR3165383119,CID765484,"Prime SUV","Canceled by Driver",NULL,0,232,NULL,NULL,NULL,NULL,2024-07-24,09:25:00
CNR7006798592,CID786658,"Prime Sedan","Driver Not Found",NULL,0,344,NULL,NULL,NULL,NULL,2024-07-29,23:15:00
CNR5613886410,CID107686,Auto,Success,UPI,10,2604,4.1,3.8,NULL,No,2024-07-08,07:52:00
CNR5841521780,CID768996,"Prime SUV",Success,Cash,37,274,3.6,3.1,NULL,No,2024-07-16,04:52:00
CNR1281921513,CID163474,Mini,"Canceled by Customer",NULL,0,895,NULL,NULL,NULL,NULL,2024-07-09,13:07:00
CNR2959980296,CID509309,Bike,Success,Cash,34,279,3.2,4.5,NULL,No,2024-07-26,16:05:00
CNR6765124275,CID630281,"Prime Sedan",Success,Cash,16,1946,3.5,3,NULL,No,2024-07-26,23:32:00
CNR9762994658,CID443169,"Prime Plus",Success,UPI,4,1024,4.1,4.8,NULL,No,2024-07-05,04:23:00
CNR8072285783,CID652081,"Prime Plus","Canceled by Customer",NULL,0,294,NULL,NULL,NULL,NULL,2024-07-23,10:25:00
CNR8116331340,CID777382,Auto,Success,UPI,8,252,4.8,4,NULL,No,2024-07-23,19:44:00
CNR3491700602,CID247449,Mini,Success,UPI,2,2542,4.1,3.5,NULL,No,2024-07-28,10:29:00
CNR2166456022,CID930312,Mini,Success,Cash,34,1821,4.7,4.4,NULL,No,2024-07-19,15:04:00
CNR2177201692,CID614111,Mini,Success,Cash,31,200,4,4.9,NULL,No,2024-07-12,08:33:00
CNR5755482161,CID126097,"Prime SUV","Canceled by Driver",NULL,0,152,NULL,NULL,NULL,NULL,2024-07-16,10:22:00
CNR4484571820,CID645793,Auto,Success,Cash,4,2388,3.6,4.4,NULL,No,2024-07-25,11:15:00
CNR7377461832,CID719814,eBike,Success,Cash,37,783,3.5,3.5,NULL,No,2024-07-28,06:34:00
CNR2363111317,CID665310,"Prime Plus","Driver Not Found",NULL,0,208,NULL,NULL,NULL,NULL,2024-07-03,20:56:00
CNR2976802436,CID592039,"Prime SUV",Success,UPI,10,1181,4.9,3.4,NULL,No,2024-07-17,07:28:00
CNR8474873609,CID968838,"Prime Plus","Canceled by Customer",NULL,0,843,NULL,NULL,NULL,NULL,2024-07-01,03:29:00
CNR1945536909,CID796614,Auto,Success,Cash,7,441,3.1,3,NULL,No,2024-07-20,13:53:00
CNR8097291227,CID734844,"Prime Plus",Success,UPI,38,332,3.4,3.8,NULL,No,2024-07-10,02:02:00
CNR1433815646,CID307267,"Prime SUV",Success,Cash,11,832,4.1,3.4,NULL,No,2024-07-12,16:22:00
CNR5876056264,CID568720,"Prime SUV",Success,UPI,47,1361,3.9,4,NULL,No,2024-07-15,06:58:00
CNR2943788515,CID627311,Bike,"Canceled by Driver",NULL,0,415,NULL,NULL,NULL,NULL,2024-07-04,21:47:00
CNR5599931622,CID822709,"Prime SUV",Success,Cash,28,747,3,3.8,NULL,No,2024-07-28,07:06:00
CNR6776927575,CID817693,Bike,Success,Cash,5,129,4.2,4.4,NULL,No,2024-07-02,01:54:00
CNR4880622143,CID602848,eBike,Success,UPI,34,296,4.2,3.3,NULL,No,2024-07-10,18:38:00
CNR2841702950,CID268274,Auto,Success,UPI,18,337,4.2,4.5,NULL,No,2024-07-27,03:13:00
CNR2747846957,CID700413,"Prime Sedan",Success,UPI,45,896,4.1,4,NULL,No,2024-07-09,14:52:00
CNR4795488474,CID943263,"Prime Sedan",Success,"Credit Card",11,151,4.8,4,NULL,No,2024-07-05,09:33:00
CNR6662649739,CID295666,Auto,Success,"Debit Card",7,940,3.5,3.2,NULL,No,2024-07-06,10:00:00
CNR2524442918,CID471692,"Prime Plus",Success,"Credit Card",13,729,5,4.5,NULL,No,2024-07-10,09:28:00
CNR4977956798,CID782900,Auto,Success,Cash,1,128,4.8,4.6,NULL,No,2024-07-01,10:12:00
CNR2002215420,CID109502,"Prime SUV",Success,Cash,42,274,3.4,4,NULL,No,2024-07-26,15:07:00
CNR9590311980,CID957268,Auto,Success,Cash,8,352,3.8,5,"Customer Demand",Yes,2024-07-13,04:23:00
CNR3124565731,CID578023,Auto,Success,UPI,6,238,3,4.5,NULL,No,2024-07-30,05:14:00
CNR6090870401,CID301446,"Prime SUV",Success,Cash,19,477,4.3,4.1,NULL,No,2024-07-20,11:34:00
CNR9405757355,CID176162,Auto,Success,UPI,15,186,4.6,4.7,NULL,No,2024-07-23,15:38:00
CNR7078608984,CID926832,eBike,"Driver Not Found",NULL,0,117,NULL,NULL,NULL,NULL,2024-07-01,11:55:00
CNR4166475803,CID615978,"Prime SUV",Success,UPI,13,193,3.2,3.8,NULL,No,2024-07-10,18:52:00
CNR3641224150,CID431557,Mini,Success,UPI,41,395,4.8,4.3,NULL,No,2024-07-06,12:51:00
CNR7307808711,CID928859,"Prime SUV",Success,Cash,45,857,4,4.7,NULL,No,2024-07-14,16:42:00
CNR9207534980,CID926602,"Prime Plus","Canceled by Driver",NULL,0,819,NULL,NULL,NULL,NULL,2024-07-16,22:49:00
CNR8478607960,CID374876,"Prime Sedan",Success,UPI,16,484,4.5,4.1,NULL,No,2024-07-13,10:16:00
CNR6867991693,CID139968,"Prime Plus",Success,Cash,3,648,4.8,4.9,NULL,No,2024-07-04,08:50:00
CNR4134417165,CID298474,Bike,Success,Cash,20,153,3.9,4.1,NULL,No,2024-07-04,11:55:00
CNR6026842144,CID533256,"Prime SUV",Success,"Credit Card",28,232,4.7,4.3,NULL,No,2024-07-21,01:50:00
CNR1373400641,CID137733,Mini,"Canceled by Driver",NULL,0,478,NULL,NULL,NULL,NULL,2024-07-05,08:41:00
CNR7756361076,CID843494,Auto,"Canceled by Driver",NULL,0,850,NULL,NULL,NULL,NULL,2024-07-01,05:01:00
CNR1058833099,CID705304,Bike,Success,Cash,25,673,3.6,4.1,NULL,No,2024-07-06,00:38:00
CNR8150133799,CID406881,eBike,"Driver Not Found",NULL,0,315,NULL,NULL,NULL,NULL,2024-07-22,12:46:00
CNR3136784868,CID703583,"Prime SUV",Success,Cash,2,1033,3.6,4.1,NULL,No,2024-07-20,00:11:00
CNR2919641369,CID137586,"Prime SUV","Canceled by Customer",NULL,0,825,NULL,NULL,NULL,NULL,2024-07-17,03:54:00
CNR4311649934,CID379072,"Prime SUV","Canceled by Customer",NULL,0,213,NULL,NULL,NULL,NULL,2024-07-23,23:49:00
CNR8258871692,CID804974,Auto,"Driver Not Found",NULL,0,125,NULL,NULL,NULL,NULL,2024-07-28,13:53:00
CNR7844432925,CID635965,"Prime SUV",Success,Cash,36,362,4.6,4.1,NULL,No,2024-07-29,00:08:00
CNR3149119791,CID606573,Mini,Success,"Credit Card",22,471,3.3,3.5,NULL,No,2024-07-03,16:49:00
CNR6545513695,CID932866,"Prime SUV",Success,UPI,23,163,4.3,4.3,NULL,No,2024-07-01,22:15:00
CNR6427297269,CID418039,Mini,Success,Cash,6,142,3.6,3.8,NULL,No,2024-07-13,03:12:00
CNR1684336791,CID339379,"Prime Plus","Canceled by Customer",NULL,0,451,NULL,NULL,NULL,NULL,2024-07-25,03:49:00
CNR8107628541,CID131079,"Prime SUV","Canceled by Customer",NULL,0,358,NULL,NULL,NULL,NULL,2024-07-05,09:23:00
CNR8516392891,CID214348,"Prime Sedan",Success,Cash,36,365,4,4.9,NULL,No,2024-07-03,18:16:00
CNR5043217856,CID298396,Auto,"Canceled by Driver",NULL,0,752,NULL,NULL,NULL,NULL,2024-07-12,12:38:00
CNR7829903493,CID459892,eBike,"Canceled by Driver",NULL,0,531,NULL,NULL,NULL,NULL,2024-07-18,17:39:00
CNR4290294193,CID451045,Auto,"Canceled by Driver",NULL,0,111,NULL,NULL,NULL,NULL,2024-07-17,22:51:00
CNR4330381266,CID215319,Auto,Success,UPI,5,216,4.3,4.4,NULL,No,2024-07-30,17:37:00
CNR6146948780,CID988392,eBike,Success,UPI,39,147,3.2,3.3,NULL,No,2024-07-11,10:25:00
CNR4211386643,CID351096,eBike,"Canceled by Driver",NULL,0,433,NULL,NULL,NULL,NULL,2024-07-23,06:51:00
CNR5828080027,CID562246,"Prime Plus",Success,UPI,24,664,4.4,3.6,NULL,No,2024-07-21,16:24:00
CNR5043719137,CID638458,Mini,Success,UPI,40,159,4.7,4,NULL,No,2024-07-24,00:10:00
CNR2332223815,CID557188,Mini,Success,UPI,27,556,3.2,5,NULL,No,2024-07-28,16:31:00
CNR5863244684,CID798517,eBike,Success,Cash,2,184,4.4,4.3,"Customer Demand",Yes,2024-07-24,02:27:00
CNR2051641681,CID776786,Auto,Success,Cash,6,295,3.2,3.5,NULL,No,2024-07-19,22:54:00
CNR6963252366,CID565564,Bike,Success,Cash,25,794,4,4.8,NULL,No,2024-07-04,00:38:00
CNR6561084640,CID983895,Bike,Success,Cash,27,330,4.1,4,NULL,No,2024-07-02,22:59:00
CNR8606343558,CID193075,Bike,Success,UPI,34,187,3.8,4.9,NULL,No,2024-07-03,18:29:00
CNR6129451090,CID579290,"Prime Sedan",Success,Cash,9,487,3.8,3.6,NULL,No,2024-07-24,10:52:00
CNR8991153488,CID563608,eBike,"Canceled by Driver",NULL,0,426,NULL,NULL,NULL,NULL,2024-07-19,23:19:00
CNR3555127202,CID334563,Auto,Success,Cash,15,229,5,4.6,NULL,No,2024-07-14,08:16:00
CNR2478670622,CID381271,"Prime Plus",Success,UPI,48,445,4.6,4.9,NULL,No,2024-07-30,18:06:00
CNR2637746164,CID131513,Auto,Success,Cash,8,134,4,3.3,NULL,No,2024-07-29,12:13:00
CNR1098685369,CID366678,Auto,Success,Cash,9,119,4,4.2,NULL,No,2024-07-16,10:32:00
CNR3013333422,CID377403,eBike,"Driver Not Found",NULL,0,214,NULL,NULL,NULL,NULL,2024-07-02,18:20:00
CNR6731320458,CID470881,"Prime Sedan",Success,Cash,14,113,3.6,4.9,NULL,No,2024-07-30,09:17:00
CNR1523677800,CID967088,"Prime SUV","Canceled by Driver",NULL,0,362,NULL,NULL,NULL,NULL,2024-07-28,10:17:00
CNR5683291566,CID221217,"Prime SUV",Success,UPI,6,545,4.9,3.3,NULL,No,2024-07-09,20:36:00
CNR9411398805,CID416695,"Prime Plus",Success,Cash,11,498,4.3,3.2,NULL,No,2024-07-11,10:28:00
CNR7845975089,CID221620,Bike,"Driver Not Found",NULL,0,117,NULL,NULL,NULL,NULL,2024-07-15,22:51:00
CNR3855977560,CID634914,"Prime Sedan","Canceled by Driver",NULL,0,230,NULL,NULL,NULL,NULL,2024-07-03,22:59:00
CNR6774178719,CID902361,eBike,Success,Cash,28,304,3,3.6,NULL,No,2024-07-25,01:44:00
CNR4046969463,CID788327,"Prime Plus","Canceled by Driver",NULL,0,318,NULL,NULL,NULL,NULL,2024-07-27,13:10:00
CNR4475747544,CID337010,"Prime Sedan",Success,Cash,18,130,4.9,3.1,NULL,No,2024-07-01,21:22:00
CNR5165798104,CID831932,Bike,Success,Cash,12,419,4.2,4.7,NULL,No,2024-07-07,16:37:00
CNR4392965412,CID966732,"Prime SUV","Canceled by Driver",NULL,0,399,NULL,NULL,NULL,NULL,2024-07-05,15:15:00
CNR1167401662,CID981323,Mini,"Driver Not Found",NULL,0,2900,NULL,NULL,NULL,NULL,2024-07-22,19:30:00
CNR2822610940,CID301559,Bike,Success,Cash,31,121,3.1,4.2,NULL,No,2024-07-27,11:39:00
CNR6691577601,CID983207,"Prime Sedan",Success,UPI,27,107,3.3,3.5,NULL,No,2024-07-14,01:07:00
CNR9445908039,CID921864,Mini,"Canceled by Customer",NULL,0,424,NULL,NULL,NULL,NULL,2024-07-17,21:09:00
CNR3423157511,CID704228,Bike,"Canceled by Driver",NULL,0,307,NULL,NULL,NULL,NULL,2024-07-21,20:34:00
CNR1324239592,CID647625,eBike,Success,Cash,40,583,4.2,4.5,NULL,No,2024-07-19,17:32:00
CNR8086928686,CID506037,Mini,"Canceled by Driver",NULL,0,325,NULL,NULL,NULL,NULL,2024-07-05,01:18:00
CNR3412387949,CID786300,"Prime Sedan",Success,UPI,33,216,4.5,4.4,NULL,No,2024-07-22,05:44:00
CNR9728294566,CID444964,Mini,"Canceled by Driver",NULL,0,337,NULL,NULL,NULL,NULL,2024-07-07,06:55:00
CNR3797886537,CID692922,"Prime SUV",Success,Cash,26,373,4.1,4.6,NULL,No,2024-07-17,21:06:00
CNR2918335042,CID267651,Bike,"Canceled by Customer",NULL,0,121,NULL,NULL,NULL,NULL,2024-07-16,03:12:00
CNR7683288053,CID472301,"Prime Plus",Success,UPI,18,584,3.3,3.1,NULL,No,2024-07-23,08:56:00
CNR7308621555,CID255257,Mini,"Canceled by Customer",NULL,0,372,NULL,NULL,NULL,NULL,2024-07-30,04:29:00
CNR6893200456,CID590573,"Prime SUV","Canceled by Driver",NULL,0,482,NULL,NULL,NULL,NULL,2024-07-01,23:33:00
CNR8506315424,CID384102,Mini,"Canceled by Customer",NULL,0,169,NULL,NULL,NULL,NULL,2024-07-28,01:48:00
CNR6289456005,CID341767,Bike,"Driver Not Found",NULL,0,655,NULL,NULL,NULL,NULL,2024-07-07,05:42:00
CNR3652386033,CID718764,Bike,Success,UPI,4,398,3.3,3.3,NULL,No,2024-07-26,10:10:00
CNR7500140086,CID711398,"Prime SUV",Success,Cash,2,198,3.6,3.3,NULL,No,2024-07-24,11:32:00
CNR9206491878,CID219381,"Prime Sedan","Driver Not Found",NULL,0,482,NULL,NULL,NULL,NULL,2024-07-15,09:55:00
CNR1508971604,CID902685,"Prime Sedan",Success,UPI,23,305,4.4,3.8,NULL,No,2024-07-29,03:17:00
CNR4004898445,CID501660,Mini,"Canceled by Driver",NULL,0,294,NULL,NULL,NULL,NULL,2024-07-03,15:14:00
CNR8826275068,CID257693,"Prime Sedan",Success,Cash,5,161,4,4.1,NULL,No,2024-07-06,07:14:00
CNR9942066704,CID908062,"Prime Sedan","Canceled by Driver",NULL,0,404,NULL,NULL,NULL,NULL,2024-07-02,13:18:00
CNR2361275900,CID429569,Auto,Success,Cash,12,169,3.8,4.7,NULL,No,2024-07-01,10:09:00
CNR4419040819,CID644474,Bike,Success,UPI,49,501,3.1,4.5,NULL,No,2024-07-03,09:20:00
CNR1911058132,CID309575,Mini,Success,Cash,1,101,3.7,3.6,NULL,No,2024-07-07,16:41:00
CNR8926984331,CID860681,Auto,Success,Cash,15,192,4.5,4.6,NULL,No,2024-07-20,03:47:00
CNR2191224963,CID702491,Mini,"Canceled by Driver",NULL,0,393,NULL,NULL,NULL,NULL,2024-07-18,12:57:00
CNR6024993831,CID689882,eBike,"Canceled by Customer",NULL,0,414,NULL,NULL,NULL,NULL,2024-07-04,21:10:00
CNR3704418934,CID679996,Bike,"Canceled by Customer",NULL,0,1816,NULL,NULL,NULL,NULL,2024-07-03,04:20:00
CNR6259704301,CID228411,"Prime Sedan",Success,Cash,28,366,3.2,3.8,NULL,No,2024-07-05,06:38:00
CNR4588889454,CID955141,"Prime SUV","Driver Not Found",NULL,0,417,NULL,NULL,NULL,NULL,2024-07-11,00:22:00
CNR9102117353,CID226904,"Prime Plus",Success,UPI,48,2884,4.9,3.8,NULL,No,2024-07-06,08:41:00
CNR9855871509,CID750118,"Prime Sedan","Canceled by Driver",NULL,0,371,NULL,NULL,NULL,NULL,2024-07-25,07:33:00
CNR6491202733,CID188757,Mini,Success,UPI,2,175,3.3,3.4,NULL,No,2024-07-30,19:29:00
CNR1767970743,CID989298,Bike,Success,UPI,28,494,3.8,3.1,NULL,No,2024-07-11,12:39:00
CNR6136026561,CID233895,eBike,Success,UPI,27,441,3.1,3.1,NULL,No,2024-07-30,12:04:00
CNR7642653871,CID877855,"Prime Sedan",Success,Cash,23,471,4.6,4.4,NULL,No,2024-07-23,15:34:00
CNR8369636566,CID718559,"Prime Plus",Success,Cash,14,389,4.6,3.2,NULL,No,2024-07-05,21:57:00
CNR8073437118,CID580478,eBike,"Canceled by Driver",NULL,0,202,NULL,NULL,NULL,NULL,2024-07-16,09:26:00
CNR5116585243,CID847377,Auto,"Canceled by Driver",NULL,0,253,NULL,NULL,NULL,NULL,2024-07-08,22:13:00
CNR9699923253,CID398168,"Prime SUV",Success,Cash,43,882,4.1,3.2,NULL,No,2024-07-09,18:33:00
CNR1201589640,CID539191,"Prime Sedan","Canceled by Customer",NULL,0,176,NULL,NULL,NULL,NULL,2024-07-16,08:35:00
CNR1689403754,CID515450,Mini,Success,UPI,24,417,3.8,4.2,NULL,No,2024-07-08,19:31:00
CNR1501229480,CID323779,Mini,Success,"Credit Card",41,130,4.5,3.5,NULL,No,2024-07-06,23:56:00
CNR8602417067,CID771701,"Prime SUV",Success,UPI,17,235,3.7,3.7,NULL,No,2024-07-14,06:47:00
CNR5180944150,CID200875,"Prime Sedan",Success,"Credit Card",21,325,5,4.7,NULL,No,2024-07-01,09:16:00
CNR5569548787,CID141634,"Prime Plus",Success,UPI,22,290,4.4,4.8,NULL,No,2024-07-05,07:57:00
CNR2826030097,CID786912,Bike,Success,Cash,20,131,3.1,4.4,NULL,No,2024-07-04,23:51:00
CNR4887495881,CID916150,"Prime SUV","Canceled by Customer",NULL,0,148,NULL,NULL,NULL,NULL,2024-07-23,18:37:00
CNR4946474476,CID605609,Bike,"Canceled by Customer",NULL,0,463,NULL,NULL,NULL,NULL,2024-07-25,02:41:00
CNR5414099759,CID387411,"Prime Sedan",Success,UPI,17,339,3.4,3.1,NULL,No,2024-07-24,05:57:00
CNR2568139914,CID878056,"Prime SUV","Driver Not Found",NULL,0,314,NULL,NULL,NULL,NULL,2024-07-08,20:17:00
CNR8892975500,CID485817,Bike,Success,Cash,48,512,4.2,3.1,NULL,No,2024-07-22,03:32:00
CNR7552726236,CID398384,"Prime Plus","Driver Not Found",NULL,0,443,NULL,NULL,NULL,NULL,2024-07-19,14:31:00
CNR1200026621,CID233911,"Prime SUV",Success,UPI,32,1467,3.5,4.7,NULL,No,2024-07-03,21:45:00
CNR4187447284,CID657255,"Prime SUV","Driver Not Found",NULL,0,353,NULL,NULL,NULL,NULL,2024-07-04,02:26:00
CNR3659491874,CID573670,Auto,Success,UPI,1,444,4.1,3.8,NULL,No,2024-07-01,07:28:00
CNR3623533429,CID447644,"Prime Plus",Success,UPI,23,476,4.9,3.1,NULL,No,2024-07-17,07:05:00
CNR3824632577,CID713810,Bike,"Canceled by Driver",NULL,0,142,NULL,NULL,NULL,NULL,2024-07-13,20:08:00
CNR2817233926,CID620466,eBike,Success,UPI,26,471,3.8,4.9,NULL,No,2024-07-24,06:37:00
CNR2091398962,CID935203,eBike,Success,Cash,21,382,4.2,3.6,NULL,No,2024-07-13,11:05:00
CNR5220085842,CID775449,"Prime Sedan","Canceled by Driver",NULL,0,401,NULL,NULL,NULL,NULL,2024-07-01,00:31:00
CNR9795770576,CID518512,Auto,Success,Cash,18,148,4.1,3.1,NULL,No,2024-07-28,10:43:00
CNR4627809411,CID463284,Auto,Success,UPI,11,204,3.4,4.8,NULL,No,2024-07-15,19:16:00
CNR4003939102,CID193230,Mini,Success,Cash,9,666,3,4.5,NULL,No,2024-07-17,11:21:00
CNR1308261538,CID605780,eBike,Success,UPI,5,425,4.4,4.8,NULL,No,2024-07-30,05:53:00
CNR1556710084,CID201508,"Prime Sedan",Success,Cash,41,172,4.2,3.1,NULL,No,2024-07-17,08:58:00
CNR4639016703,CID649293,"Prime Plus",Success,Cash,35,398,3.5,4.9,NULL,No,2024-07-27,09:22:00
CNR3136156514,CID270149,"Prime Plus","Canceled by Customer",NULL,0,741,NULL,NULL,NULL,NULL,2024-07-07,21:53:00
CNR6635680436,CID740522,"Prime Plus","Driver Not Found",NULL,0,446,NULL,NULL,NULL,NULL,2024-07-24,09:47:00
CNR6522259243,CID499536,"Prime Sedan","Canceled by Driver",NULL,0,315,NULL,NULL,NULL,NULL,2024-07-16,01:47:00
CNR9257492650,CID288060,Bike,Success,Cash,38,470,4.2,3.6,NULL,No,2024-07-20,02:52:00
CNR9054081319,CID723227,Auto,Success,UPI,7,106,4.9,3.4,NULL,No,2024-07-20,04:03:00
CNR3186546295,CID529533,"Prime Plus",Success,Cash,31,1468,4.2,4.7,NULL,No,2024-07-04,03:47:00
CNR5237090288,CID422022,"Prime SUV","Canceled by Driver",NULL,0,408,NULL,NULL,NULL,NULL,2024-07-11,15:19:00
CNR9526078867,CID900085,eBike,Success,UPI,4,1805,4,3.7,"Customer Demand",Yes,2024-07-04,01:18:00
CNR2055496400,CID734557,Auto,"Canceled by Customer",NULL,0,2925,NULL,NULL,NULL,NULL,2024-07-03,13:51:00
CNR1352748737,CID392228,"Prime Sedan","Driver Not Found",NULL,0,1048,NULL,NULL,NULL,NULL,2024-07-22,00:45:00
CNR8505998754,CID393226,Mini,Success,UPI,1,360,4.7,4.4,NULL,No,2024-07-29,18:24:00
CNR3848737052,CID999015,Mini,"Canceled by Customer",NULL,0,341,NULL,NULL,NULL,NULL,2024-07-08,14:26:00
CNR3022399674,CID791723,eBike,Success,Cash,2,310,4.9,3.1,NULL,No,2024-07-27,08:42:00
CNR4201304521,CID207572,eBike,Success,Cash,3,1289,3.3,4.4,NULL,No,2024-07-15,22:10:00
CNR9511092010,CID643112,Mini,Success,UPI,12,1540,4.6,3.4,NULL,No,2024-07-08,18:55:00
CNR8110334234,CID107282,"Prime Plus",Success,Cash,3,745,4.7,3.8,NULL,No,2024-07-24,16:00:00
CNR1820951934,CID228355,"Prime SUV","Canceled by Customer",NULL,0,459,NULL,NULL,NULL,NULL,2024-07-19,08:32:00
CNR3295449162,CID182011,"Prime SUV",Success,Cash,38,313,3.3,3.4,NULL,No,2024-07-11,02:28:00
CNR8642502474,CID252880,"Prime Sedan","Canceled by Driver",NULL,0,130,NULL,NULL,NULL,NULL,2024-07-04,01:18:00
CNR9405769135,CID841846,eBike,Success,Cash,14,517,4.7,3.6,NULL,No,2024-07-04,13:30:00
CNR2179333461,CID159326,Bike,Success,UPI,31,332,4.3,4.4,NULL,No,2024-07-27,22:55:00
CNR7446430391,CID220370,eBike,Success,Cash,40,496,3.1,4.4,NULL,No,2024-07-01,17:11:00
CNR2050487810,CID376747,"Prime SUV","Canceled by Driver",NULL,0,145,NULL,NULL,NULL,NULL,2024-07-28,23:40:00
CNR9970948492,CID758267,"Prime Sedan",Success,Cash,7,229,4.7,3,NULL,No,2024-07-07,11:54:00
CNR3011053515,CID131209,Bike,"Canceled by Driver",NULL,0,470,NULL,NULL,NULL,NULL,2024-07-08,16:01:00
CNR4591666574,CID229257,eBike,Success,UPI,48,278,4.2,3.5,NULL,No,2024-07-29,05:16:00
CNR1610148184,CID131708,Mini,Success,UPI,16,790,3.1,3.5,NULL,No,2024-07-28,07:15:00
CNR4526799105,CID880836,"Prime SUV","Driver Not Found",NULL,0,941,NULL,NULL,NULL,NULL,2024-07-16,03:48:00
CNR7697944209,CID199182,Auto,"Driver Not Found",NULL,0,2801,NULL,NULL,NULL,NULL,2024-07-07,14:33:00
CNR7154043084,CID391013,Auto,Success,UPI,11,525,4.5,3,"Customer Demand",Yes,2024-07-19,17:53:00
CNR9283642129,CID276282,"Prime SUV","Canceled by Driver",NULL,0,433,NULL,NULL,NULL,NULL,2024-07-20,20:07:00
CNR4676896526,CID494856,Auto,"Canceled by Driver",NULL,0,376,NULL,NULL,NULL,NULL,2024-07-21,13:56:00
CNR1615053684,CID180831,Mini,Success,Cash,13,346,4.1,3.7,NULL,No,2024-07-14,20:29:00
CNR7734380067,CID853726,"Prime SUV","Canceled by Driver",NULL,0,260,NULL,NULL,NULL,NULL,2024-07-02,16:06:00
CNR4851775364,CID438573,Bike,Success,Cash,14,213,3.8,4,NULL,No,2024-07-19,20:42:00
CNR7896256729,CID279281,Mini,Success,Cash,13,286,3.8,4.2,NULL,No,2024-07-17,15:07:00
CNR7042244136,CID998521,"Prime Plus",Success,Cash,25,156,3.4,3.7,NULL,No,2024-07-02,19:25:00
CNR7908519469,CID357963,eBike,Success,"Credit Card",30,757,4.7,3.2,NULL,No,2024-07-06,07:59:00
CNR1121889731,CID208336,"Prime Sedan",Success,Cash,42,390,4,4.8,NULL,No,2024-07-11,04:46:00
CNR3193710797,CID467902,"Prime Sedan",Success,UPI,27,976,4.3,4.3,"Other Issue",Yes,2024-07-18,15:01:00
CNR9772059065,CID811485,Bike,Success,Cash,14,683,3.4,4.7,NULL,No,2024-07-08,03:32:00
CNR6820098709,CID678710,eBike,"Canceled by Driver",NULL,0,329,NULL,NULL,NULL,NULL,2024-07-29,21:12:00
CNR9590135968,CID652106,eBike,Success,UPI,43,999,4.2,4.6,NULL,No,2024-07-24,15:36:00
CNR4053893416,CID708547,Auto,Success,UPI,7,283,3.4,3.4,NULL,No,2024-07-08,18:08:00
CNR5706980210,CID228167,eBike,Success,Cash,15,463,3.6,4.4,NULL,No,2024-07-18,15:06:00
CNR8545338624,CID691224,Auto,Success,UPI,7,353,4.9,4.7,NULL,No,2024-07-16,15:17:00
CNR6792235623,CID439520,"Prime Sedan","Driver Not Found",NULL,0,495,NULL,NULL,NULL,NULL,2024-07-02,00:04:00
CNR3347159067,CID823164,Auto,Success,UPI,16,292,3.5,4.6,NULL,No,2024-07-12,13:28:00
CNR2200769825,CID637025,"Prime Plus",Success,UPI,15,448,4.9,3.2,NULL,No,2024-07-06,15:29:00
CNR8037382031,CID440310,"Prime SUV","Canceled by Customer",NULL,0,103,NULL,NULL,NULL,NULL,2024-07-30,14:25:00
CNR8476582596,CID687136,Auto,"Canceled by Driver",NULL,0,186,NULL,NULL,NULL,NULL,2024-07-14,02:37:00
CNR7073850950,CID880026,Auto,Success,Cash,3,110,3.6,3.7,"Customer Demand",Yes,2024-07-02,06:30:00
CNR6613464835,CID489613,Mini,"Canceled by Customer",NULL,0,173,NULL,NULL,NULL,NULL,2024-07-10,18:50:00
CNR7956960667,CID407740,"Prime Plus",Success,Cash,14,512,4.9,4.9,NULL,No,2024-07-28,09:40:00
CNR3469722999,CID822937,"Prime SUV","Driver Not Found",NULL,0,2005,NULL,NULL,NULL,NULL,2024-07-26,18:46:00
CNR9952584604,CID184856,Bike,Success,Cash,18,238,4.6,4.7,"Customer Demand",Yes,2024-07-20,08:46:00
CNR5433575259,CID763377,"Prime Sedan",Success,UPI,40,1921,3.9,3.3,"Vehicle Breakdown",Yes,2024-07-27,18:23:00
CNR3797151024,CID106150,Mini,"Driver Not Found",NULL,0,296,NULL,NULL,NULL,NULL,2024-07-20,05:13:00
CNR1888228418,CID913584,eBike,Success,Cash,14,499,3.9,4.8,NULL,No,2024-07-09,09:36:00
CNR6094620721,CID195370,"Prime Plus",Success,Cash,22,525,4,4.3,NULL,No,2024-07-23,12:03:00
CNR2029679396,CID825106,"Prime Plus",Success,Cash,13,308,3.3,4.7,NULL,No,2024-07-30,06:56:00
CNR5108136862,CID869726,"Prime SUV","Canceled by Customer",NULL,0,118,NULL,NULL,NULL,NULL,2024-07-05,07:11:00
CNR9998375791,CID173858,Mini,Success,UPI,33,164,3.8,3.6,NULL,No,2024-07-30,15:14:00
CNR7197746515,CID911238,Mini,"Canceled by Driver",NULL,0,228,NULL,NULL,NULL,NULL,2024-07-30,10:26:00
CNR3914143185,CID656359,Bike,"Canceled by Customer",NULL,0,326,NULL,NULL,NULL,NULL,2024-07-27,11:45:00
CNR4970390019,CID656067,Bike,"Driver Not Found",NULL,0,849,NULL,NULL,NULL,NULL,2024-07-28,07:49:00
CNR4643101961,CID843965,"Prime Sedan",Success,Cash,32,678,3.5,4.6,NULL,No,2024-07-04,06:05:00
CNR9462510170,CID517686,"Prime Plus","Canceled by Customer",NULL,0,431,NULL,NULL,NULL,NULL,2024-07-04,22:42:00
CNR3791458762,CID253766,"Prime Sedan",Success,UPI,13,235,3.9,4,NULL,No,2024-07-04,02:29:00
CNR6755458210,CID762854,Mini,Success,Cash,3,223,4.8,5,NULL,No,2024-07-20,15:11:00
CNR6729349884,CID901336,"Prime SUV",Success,Cash,48,445,4.7,3.2,NULL,No,2024-07-14,22:17:00
CNR3435305950,CID780659,"Prime Sedan",Success,UPI,22,601,3.4,3.7,NULL,No,2024-07-13,21:16:00
CNR2586365783,CID105655,eBike,"Canceled by Driver",NULL,0,198,NULL,NULL,NULL,NULL,2024-07-17,08:43:00
CNR3475649716,CID154151,"Prime Sedan","Canceled by Driver",NULL,0,358,NULL,NULL,NULL,NULL,2024-07-19,23:17:00
CNR1463816868,CID517719,"Prime SUV",Success,Cash,6,492,3.9,4.5,NULL,No,2024-07-07,16:50:00
CNR1412682969,CID763740,"Prime SUV",Success,UPI,31,280,4.8,4.1,NULL,No,2024-07-09,02:29:00
CNR5341551432,CID506435,Mini,"Canceled by Customer",NULL,0,233,NULL,NULL,NULL,NULL,2024-07-07,02:53:00
CNR5793610952,CID490677,Bike,Success,"Credit Card",24,984,3.7,3.9,NULL,No,2024-07-11,19:20:00
CNR1072231824,CID703152,Auto,Success,Cash,7,100,4,3.5,NULL,No,2024-07-03,08:50:00
CNR1799581315,CID493145,Mini,"Canceled by Customer",NULL,0,1899,NULL,NULL,NULL,NULL,2024-07-15,08:32:00
CNR9707279332,CID666870,"Prime Sedan",Success,UPI,14,833,3.1,3.3,NULL,No,2024-07-23,06:57:00
CNR2270293390,CID656262,eBike,Success,UPI,3,435,3,4.1,NULL,No,2024-07-23,12:35:00
CNR3950192876,CID421288,Mini,"Driver Not Found",NULL,0,1703,NULL,NULL,NULL,NULL,2024-07-28,06:54:00
CNR9406709395,CID139229,Auto,Success,UPI,5,484,3.3,4,NULL,No,2024-07-04,21:00:00
CNR8975176661,CID173986,Auto,Success,UPI,7,680,3.6,3.8,NULL,No,2024-07-05,22:33:00
CNR5071594520,CID740051,Bike,Success,Cash,16,229,3.4,3.1,NULL,No,2024-07-21,10:55:00
CNR2377184626,CID323252,"Prime Plus","Driver Not Found",NULL,0,609,NULL,NULL,NULL,NULL,2024-07-10,01:20:00
CNR3575066041,CID499436,"Prime SUV",Success,"Credit Card",2,181,4.8,3.3,"Vehicle Breakdown",Yes,2024-07-04,20:48:00
CNR2930589148,CID732234,eBike,Success,UPI,3,717,3.3,4.9,NULL,No,2024-07-28,12:22:00
CNR7831208502,CID737968,Auto,Success,"Credit Card",12,262,3.7,3.5,NULL,No,2024-07-17,01:12:00
CNR8629694130,CID321356,"Prime SUV","Canceled by Driver",NULL,0,158,NULL,NULL,NULL,NULL,2024-07-15,02:41:00
CNR8827885570,CID521045,"Prime SUV",Success,Cash,49,231,3.2,4.8,NULL,No,2024-07-05,23:51:00
CNR1502301342,CID545036,Bike,Success,UPI,23,246,3.3,3.9,NULL,No,2024-07-09,13:36:00
CNR1372123891,CID348365,"Prime SUV","Canceled by Customer",NULL,0,228,NULL,NULL,NULL,NULL,2024-07-07,22:52:00
CNR3907697108,CID234494,"Prime SUV",Success,Cash,1,427,3,3.5,NULL,No,2024-07-03,20:15:00
CNR2390405629,CID686818,Mini,Success,Cash,37,305,3.3,3.2,NULL,No,2024-07-05,17:47:00
CNR5914410116,CID903819,"Prime SUV",Success,Cash,8,270,4.5,4.3,NULL,No,2024-07-19,13:20:00
CNR9545114159,CID576096,"Prime Plus","Canceled by Driver",NULL,0,1501,NULL,NULL,NULL,NULL,2024-07-03,20:40:00
CNR4224138624,CID990844,eBike,Success,UPI,16,489,3.9,3.7,NULL,No,2024-07-21,10:39:00
CNR5217934339,CID427019,"Prime SUV",Success,UPI,21,791,3.9,5,NULL,No,2024-07-14,23:58:00
CNR6744298420,CID339373,Auto,"Canceled by Driver",NULL,0,400,NULL,NULL,NULL,NULL,2024-07-16,19:16:00
CNR7537935962,CID200131,eBike,Success,UPI,4,460,3.7,3.6,"Customer Demand",Yes,2024-07-05,08:54:00
CNR6035356524,CID375929,Auto,"Canceled by Driver",NULL,0,354,NULL,NULL,NULL,NULL,2024-07-26,16:01:00
CNR4079474864,CID197349,"Prime Sedan",Success,UPI,29,2047,3.7,3,NULL,No,2024-07-20,16:43:00
CNR4597527178,CID768687,"Prime Plus","Canceled by Driver",NULL,0,418,NULL,NULL,NULL,NULL,2024-07-24,03:31:00
CNR1983010766,CID811508,"Prime Plus",Success,UPI,26,2655,4.5,3.3,NULL,No,2024-07-19,03:58:00
CNR4517742155,CID137387,"Prime Plus","Canceled by Driver",NULL,0,364,NULL,NULL,NULL,NULL,2024-07-02,17:11:00
CNR4679441912,CID501578,Bike,Success,Cash,4,2655,4.4,3.1,NULL,No,2024-07-11,08:02:00
CNR1076402213,CID133857,Mini,Success,Cash,34,828,4.8,4.1,NULL,No,2024-07-10,01:13:00
CNR6208623380,CID612908,eBike,Success,UPI,34,276,4.1,4.4,NULL,No,2024-07-22,17:10:00
CNR3629707818,CID176370,eBike,"Canceled by Customer",NULL,0,2712,NULL,NULL,NULL,NULL,2024-07-13,22:21:00
CNR5856350738,CID362252,"Prime SUV",Success,Cash,30,379,4.5,4.7,NULL,No,2024-07-02,07:02:00
CNR2780804227,CID211065,"Prime SUV","Driver Not Found",NULL,0,316,NULL,NULL,NULL,NULL,2024-07-02,02:35:00
CNR7556753006,CID898523,Mini,"Canceled by Customer",NULL,0,303,NULL,NULL,NULL,NULL,2024-07-14,03:32:00
CNR2722435581,CID877036,Mini,Success,UPI,14,323,4.5,4.2,"Vehicle Breakdown",Yes,2024-07-13,00:32:00
CNR9290227906,CID753312,"Prime Sedan","Canceled by Driver",NULL,0,840,NULL,NULL,NULL,NULL,2024-07-29,11:19:00
CNR1347489072,CID285104,eBike,Success,UPI,8,676,3.9,3.6,NULL,No,2024-07-16,18:09:00
CNR7720291436,CID133774,"Prime SUV",Success,Cash,19,387,4.8,4.4,NULL,No,2024-07-17,20:57:00
CNR6838162057,CID662763,"Prime Plus",Success,UPI,6,349,4,4.9,NULL,No,2024-07-27,17:14:00
CNR6166016638,CID662385,"Prime SUV","Canceled by Customer",NULL,0,743,NULL,NULL,NULL,NULL,2024-07-04,20:13:00
CNR8406580820,CID649349,Auto,Success,Cash,17,173,4.6,4.3,NULL,No,2024-07-16,10:17:00
CNR5947910660,CID422131,Auto,Success,UPI,13,105,3.5,4.5,NULL,No,2024-07-29,08:28:00
CNR8113882660,CID445833,"Prime SUV",Success,Cash,5,552,3.8,4.5,NULL,No,2024-07-12,09:52:00
CNR3789535898,CID526348,Mini,"Canceled by Driver",NULL,0,313,NULL,NULL,NULL,NULL,2024-07-03,07:09:00
CNR9181242940,CID363462,Mini,"Canceled by Customer",NULL,0,424,NULL,NULL,NULL,NULL,2024-07-10,17:06:00
CNR6438361240,CID552719,Auto,Success,UPI,7,493,4.7,3.8,NULL,No,2024-07-12,20:10:00
CNR8478583704,CID176945,"Prime SUV","Canceled by Driver",NULL,0,394,NULL,NULL,NULL,NULL,2024-07-17,10:08:00
CNR5495479048,CID497169,Auto,Success,Cash,7,2890,4.5,4.1,"Other Issue",Yes,2024-07-23,08:25:00
CNR1747667235,CID972016,"Prime Sedan","Canceled by Driver",NULL,0,135,NULL,NULL,NULL,NULL,2024-07-10,03:59:00
CNR8742059228,CID912775,eBike,"Canceled by Driver",NULL,0,179,NULL,NULL,NULL,NULL,2024-07-25,15:46:00
CNR2249500651,CID195665,"Prime SUV",Success,Cash,20,280,4.8,4.5,NULL,No,2024-07-30,12:24:00
CNR3015771885,CID918718,"Prime SUV",Success,Cash,24,354,4.1,4.6,NULL,No,2024-07-29,15:02:00
CNR9742204042,CID292149,"Prime Sedan",Success,Cash,44,439,4.8,4.4,NULL,No,2024-07-14,11:05:00
CNR5414088243,CID993758,Auto,"Driver Not Found",NULL,0,645,NULL,NULL,NULL,NULL,2024-07-20,13:28:00
CNR5897488662,CID352984,Auto,Success,Cash,4,264,3.4,3.6,NULL,No,2024-07-28,16:28:00
CNR8097977794,CID789728,Auto,Success,Cash,15,445,4.7,3.9,NULL,No,2024-07-23,00:13:00
CNR7665734704,CID921378,"Prime Plus",Success,Cash,26,399,4,4.4,NULL,No,2024-07-05,11:19:00
CNR3295803854,CID835843,"Prime Plus",Success,UPI,33,496,4.9,5,NULL,No,2024-07-20,13:04:00
CNR1857015366,CID673441,Auto,"Driver Not Found",NULL,0,872,NULL,NULL,NULL,NULL,2024-07-12,06:15:00
CNR6533526552,CID221628,Auto,"Canceled by Customer",NULL,0,346,NULL,NULL,NULL,NULL,2024-07-29,18:54:00
CNR4196099018,CID850806,Auto,"Driver Not Found",NULL,0,387,NULL,NULL,NULL,NULL,2024-07-30,15:50:00
CNR6151870263,CID807991,"Prime Plus","Driver Not Found",NULL,0,247,NULL,NULL,NULL,NULL,2024-07-05,22:10:00
CNR4877674130,CID108174,Auto,Success,UPI,8,767,4.5,4.3,NULL,No,2024-07-23,22:58:00
CNR3535977567,CID310505,"Prime Sedan",Success,UPI,24,203,3.3,4.4,NULL,No,2024-07-17,21:12:00
CNR9380992083,CID599667,"Prime Sedan",Success,UPI,45,658,4.9,3.5,NULL,No,2024-07-26,07:08:00
CNR2409982110,CID949960,Auto,Success,Cash,8,366,3.4,4.1,NULL,No,2024-07-22,21:18:00
CNR1744423480,CID759125,Bike,"Canceled by Customer",NULL,0,229,NULL,NULL,NULL,NULL,2024-07-05,05:50:00
CNR8089487405,CID921577,"Prime Sedan",Success,Cash,22,319,4,3.2,NULL,No,2024-07-09,01:51:00
CNR9791595498,CID144808,Mini,"Canceled by Customer",NULL,0,415,NULL,NULL,NULL,NULL,2024-07-07,08:26:00
CNR3216137549,CID605790,"Prime SUV",Success,Cash,23,775,3.3,4.2,NULL,No,2024-07-23,14:50:00
CNR7433975344,CID102370,Auto,Success,UPI,18,396,3.4,3.6,NULL,No,2024-07-09,02:52:00
CNR2752149819,CID868307,Mini,Success,"Debit Card",44,411,3.9,3,NULL,No,2024-07-16,19:34:00
CNR7450856558,CID121389,"Prime Sedan",Success,Cash,31,168,4.7,4.9,NULL,No,2024-07-07,00:15:00
CNR7687168562,CID291794,"Prime Plus","Canceled by Customer",NULL,0,499,NULL,NULL,NULL,NULL,2024-07-13,05:26:00
CNR2616039565,CID880418,"Prime Sedan","Canceled by Customer",NULL,0,342,NULL,NULL,NULL,NULL,2024-07-18,17:08:00
CNR9013990430,CID293024,"Prime Plus",Success,Cash,33,460,4.9,4.8,NULL,No,2024-07-16,10:44:00
CNR6403693064,CID119823,Auto,"Driver Not Found",NULL,0,812,NULL,NULL,NULL,NULL,2024-07-25,21:02:00
CNR7512638761,CID301991,"Prime Plus","Canceled by Driver",NULL,0,651,NULL,NULL,NULL,NULL,2024-07-08,05:08:00
CNR9577062720,CID192204,"Prime Sedan",Success,Cash,18,217,4.2,3.7,NULL,No,2024-07-01,11:47:00
CNR3021914528,CID308808,eBike,"Canceled by Driver",NULL,0,252,NULL,NULL,NULL,NULL,2024-07-24,10:04:00
CNR9495436958,CID946290,"Prime Plus",Success,Cash,23,790,3.8,3.5,NULL,No,2024-07-03,13:10:00
CNR6179732934,CID692565,"Prime Plus","Driver Not Found",NULL,0,285,NULL,NULL,NULL,NULL,2024-07-04,19:07:00
CNR1525361077,CID911746,"Prime Sedan",Success,UPI,10,2509,4.5,4.7,NULL,No,2024-07-30,12:03:00
CNR1647637548,CID801387,Mini,Success,UPI,1,615,4.9,4.2,NULL,No,2024-07-01,03:07:00
CNR4195153311,CID139167,"Prime Sedan",Success,UPI,38,237,3.4,5,NULL,No,2024-07-24,18:28:00
CNR4827484325,CID854470,Bike,"Driver Not Found",NULL,0,356,NULL,NULL,NULL,NULL,2024-07-10,07:37:00
CNR8000993482,CID855897,"Prime SUV",Success,"Credit Card",37,1835,4.8,3.6,NULL,No,2024-07-10,21:35:00
CNR2588489711,CID271119,"Prime Sedan",Success,UPI,40,1065,4.1,3.4,NULL,No,2024-07-16,13:54:00
CNR5234253257,CID702250,"Prime SUV",Success,UPI,22,393,4.3,3.3,NULL,No,2024-07-10,08:32:00
CNR2564639381,CID916466,Auto,"Canceled by Driver",NULL,0,495,NULL,NULL,NULL,NULL,2024-07-18,01:15:00
CNR4011678024,CID283251,Mini,"Canceled by Customer",NULL,0,390,NULL,NULL,NULL,NULL,2024-07-05,17:11:00
CNR9128487422,CID287874,"Prime SUV","Driver Not Found",NULL,0,237,NULL,NULL,NULL,NULL,2024-07-15,16:48:00
CNR5276752307,CID893272,"Prime Plus","Canceled by Driver",NULL,0,752,NULL,NULL,NULL,NULL,2024-07-26,09:25:00
CNR9371669050,CID686863,eBike,Success,UPI,32,256,4.4,3.9,NULL,No,2024-07-29,03:41:00
CNR4457088806,CID263437,Mini,Success,Cash,24,309,3.6,4,NULL,No,2024-07-05,16:08:00
CNR4354062360,CID505113,Mini,"Canceled by Driver",NULL,0,782,NULL,NULL,NULL,NULL,2024-07-04,22:11:00
CNR6491123218,CID987117,"Prime Sedan","Canceled by Driver",NULL,0,208,NULL,NULL,NULL,NULL,2024-07-08,16:35:00
CNR8467747572,CID359528,Mini,"Canceled by Customer",NULL,0,567,NULL,NULL,NULL,NULL,2024-07-03,03:58:00
CNR6809456544,CID360773,Auto,Success,Cash,13,228,4.6,3.7,NULL,No,2024-07-26,21:54:00
CNR1862612151,CID847056,"Prime Sedan",Success,"Credit Card",5,364,4.8,4,NULL,No,2024-07-20,03:56:00
CNR3686926291,CID868427,eBike,Success,Cash,3,2944,4.8,4.6,NULL,No,2024-07-04,04:33:00
CNR5872044172,CID808072,"Prime Plus",Success,Cash,9,412,4.5,4.8,NULL,No,2024-07-14,10:04:00
CNR8328108729,CID812644,Mini,Success,Cash,17,216,3.4,4.5,NULL,No,2024-07-15,07:52:00
CNR5988079650,CID360385,"Prime Plus","Driver Not Found",NULL,0,2143,NULL,NULL,NULL,NULL,2024-07-01,02:13:00
CNR3276138022,CID924057,"Prime Sedan","Canceled by Driver",NULL,0,172,NULL,NULL,NULL,NULL,2024-07-07,04:55:00
CNR3958098786,CID685088,"Prime Plus",Success,Cash,33,2429,3.1,3.9,NULL,No,2024-07-11,17:35:00
CNR1816364514,CID953810,Auto,Success,UPI,1,809,3.4,3.9,NULL,No,2024-07-04,18:01:00
CNR2849784490,CID760035,Auto,Success,UPI,4,451,3.6,3.2,NULL,No,2024-07-11,09:55:00
CNR6972748438,CID554381,"Prime SUV",Success,UPI,21,133,5,4.1,NULL,No,2024-07-03,20:03:00
CNR1791648324,CID663767,"Prime Sedan","Canceled by Driver",NULL,0,367,NULL,NULL,NULL,NULL,2024-07-09,09:04:00
CNR7103761124,CID674742,Bike,"Driver Not Found",NULL,0,742,NULL,NULL,NULL,NULL,2024-07-10,20:01:00
CNR6585703917,CID397507,Auto,Success,Cash,2,489,4.4,4.8,"Customer Demand",Yes,2024-07-03,23:05:00
CNR3296240325,CID133645,eBike,Success,Cash,31,506,4.9,3.6,NULL,No,2024-07-21,09:59:00
CNR8223523166,CID437999,Bike,"Driver Not Found",NULL,0,601,NULL,NULL,NULL,NULL,2024-07-14,03:57:00
CNR9735660911,CID838803,"Prime SUV",Success,UPI,27,379,3.8,3.4,NULL,No,2024-07-01,06:47:00
CNR4329982789,CID588544,Bike,"Canceled by Customer",NULL,0,241,NULL,NULL,NULL,NULL,2024-07-07,22:18:00
CNR9701922914,CID146349,eBike,"Driver Not Found",NULL,0,204,NULL,NULL,NULL,NULL,2024-07-15,22:30:00
CNR3324553934,CID938083,Bike,"Canceled by Driver",NULL,0,482,NULL,NULL,NULL,NULL,2024-07-24,21:04:00
CNR3591025608,CID333175,Bike,Success,Cash,17,577,3.5,3.4,NULL,No,2024-07-27,12:50:00
CNR7301600524,CID294615,Auto,"Canceled by Customer",NULL,0,892,NULL,NULL,NULL,NULL,2024-07-20,16:55:00
CNR4776471359,CID479951,eBike,"Canceled by Customer",NULL,0,674,NULL,NULL,NULL,NULL,2024-07-30,17:13:00
CNR3700416786,CID160458,"Prime SUV","Canceled by Customer",NULL,0,447,NULL,NULL,NULL,NULL,2024-07-28,13:42:00
CNR3462340628,CID239124,"Prime SUV","Canceled by Driver",NULL,0,148,NULL,NULL,NULL,NULL,2024-07-11,07:33:00
CNR5219382157,CID229314,"Prime SUV","Canceled by Driver",NULL,0,101,NULL,NULL,NULL,NULL,2024-07-28,18:18:00
CNR4165442717,CID746578,eBike,"Driver Not Found",NULL,0,231,NULL,NULL,NULL,NULL,2024-07-02,15:13:00
CNR1759069706,CID943819,Bike,Success,UPI,5,172,3.1,3.1,NULL,No,2024-07-01,19:03:00
CNR1998845379,CID587485,Auto,Success,UPI,18,186,4.3,3.2,NULL,No,2024-07-25,01:41:00
CNR4936120069,CID888986,Auto,Success,UPI,8,943,4.9,4.3,NULL,No,2024-07-10,22:55:00
CNR3611954724,CID835376,Bike,"Canceled by Customer",NULL,0,255,NULL,NULL,NULL,NULL,2024-07-19,04:23:00
CNR7597276757,CID788243,"Prime SUV","Driver Not Found",NULL,0,121,NULL,NULL,NULL,NULL,2024-07-14,23:27:00
CNR6716480946,CID709344,Mini,"Canceled by Driver",NULL,0,255,NULL,NULL,NULL,NULL,2024-07-04,20:49:00
CNR6482129028,CID367560,"Prime SUV",Success,Cash,2,2109,4.5,3.1,NULL,No,2024-07-04,13:43:00
CNR6666854548,CID956886,Bike,Success,Cash,4,415,3.2,4.1,NULL,No,2024-07-27,05:05:00
CNR9333273492,CID604552,"Prime Sedan",Success,UPI,21,594,4.6,4.1,NULL,No,2024-07-20,21:28:00
CNR3920498221,CID266826,"Prime Sedan","Driver Not Found",NULL,0,984,NULL,NULL,NULL,NULL,2024-07-17,16:19:00
CNR8705137963,CID925665,Auto,Success,UPI,12,727,4.8,3.1,NULL,No,2024-07-16,16:04:00
CNR8273757466,CID743092,eBike,Success,Cash,25,515,4.4,4.3,NULL,No,2024-07-11,11:32:00
CNR3132012889,CID969345,Auto,"Canceled by Driver",NULL,0,848,NULL,NULL,NULL,NULL,2024-07-06,11:26:00
CNR4759587059,CID274425,Mini,Success,UPI,40,997,3.1,3.8,NULL,No,2024-07-03,10:41:00
CNR5983043846,CID608437,Mini,Success,UPI,1,191,3.6,3.3,NULL,No,2024-07-25,15:57:00
CNR7848570023,CID941682,eBike,Success,UPI,34,996,3.8,3.3,NULL,No,2024-07-04,03:04:00
CNR6296806775,CID515549,Bike,"Driver Not Found",NULL,0,378,NULL,NULL,NULL,NULL,2024-07-29,09:16:00
CNR1105102697,CID657524,Mini,"Driver Not Found",NULL,0,218,NULL,NULL,NULL,NULL,2024-07-06,15:45:00
CNR5208477487,CID395323,eBike,"Canceled by Driver",NULL,0,256,NULL,NULL,NULL,NULL,2024-07-16,02:29:00
CNR2784806529,CID264448,"Prime Sedan",Success,UPI,13,342,3.4,3.7,NULL,No,2024-07-07,13:16:00
CNR9158255048,CID423833,"Prime SUV",Success,Cash,2,445,3.3,5,NULL,No,2024-07-22,08:15:00
CNR3074008264,CID490562,"Prime SUV","Canceled by Driver",NULL,0,403,NULL,NULL,NULL,NULL,2024-07-04,13:48:00
CNR2344843448,CID416862,eBike,Success,Cash,39,327,4,3.9,NULL,No,2024-07-19,08:13:00
CNR3107130785,CID775806,Auto,Success,Cash,10,796,4.6,3.4,NULL,No,2024-07-10,05:46:00
CNR5096526505,CID810868,Bike,Success,Cash,46,371,4.2,4.3,NULL,No,2024-07-10,22:27:00
CNR5356461401,CID974686,Bike,Success,"Credit Card",27,209,4.3,4.5,NULL,No,2024-07-22,00:17:00
CNR6230414626,CID143850,"Prime Sedan","Canceled by Customer",NULL,0,2008,NULL,NULL,NULL,NULL,2024-07-19,07:03:00
CNR9848023419,CID200911,Auto,"Canceled by Customer",NULL,0,255,NULL,NULL,NULL,NULL,2024-07-23,16:15:00
CNR3246542979,CID663499,eBike,Success,UPI,17,101,3.1,3.4,NULL,No,2024-07-21,20:06:00
CNR7874049610,CID236414,"Prime Plus",Success,UPI,44,960,4.7,3.2,NULL,No,2024-07-04,03:08:00
CNR6035501952,CID398994,"Prime Sedan",Success,UPI,17,169,3.1,3.1,NULL,No,2024-07-28,18:24:00
CNR4481374455,CID499189,"Prime Plus",Success,UPI,34,679,4.5,4,NULL,No,2024-07-18,12:52:00
CNR2357234097,CID515000,Auto,Success,UPI,5,554,4.9,3,NULL,No,2024-07-24,15:45:00
CNR2039847064,CID703018,Bike,"Canceled by Driver",NULL,0,155,NULL,NULL,NULL,NULL,2024-07-21,13:34:00
CNR5966858733,CID206866,Auto,Success,Cash,6,329,4,3.3,NULL,No,2024-07-14,17:31:00
CNR7903784728,CID139760,"Prime Plus",Success,UPI,39,107,4.9,3.3,NULL,No,2024-07-15,13:31:00
CNR8347955381,CID732747,Bike,Success,UPI,29,312,4.4,4.1,NULL,No,2024-07-18,12:19:00
CNR2832086626,CID295295,"Prime Sedan",Success,Cash,36,280,3.9,4.7,NULL,No,2024-07-14,07:52:00
CNR4998197969,CID223930,"Prime SUV",Success,Cash,36,650,4.8,4.7,NULL,No,2024-07-20,05:44:00
CNR6156105428,CID478161,"Prime Sedan","Driver Not Found",NULL,0,666,NULL,NULL,NULL,NULL,2024-07-29,09:42:00
CNR5096259907,CID713572,eBike,"Canceled by Driver",NULL,0,176,NULL,NULL,NULL,NULL,2024-07-19,21:32:00
CNR9122241273,CID562063,Auto,Success,Cash,8,496,3.6,4.7,NULL,No,2024-07-27,07:25:00
CNR1676719178,CID963660,Mini,Success,"Credit Card",47,317,3.3,4.9,NULL,No,2024-07-22,00:58:00
CNR5524915002,CID450098,Auto,Success,Cash,11,962,3,4.5,NULL,No,2024-07-20,21:16:00
CNR5958445056,CID446941,eBike,"Canceled by Driver",NULL,0,642,NULL,NULL,NULL,NULL,2024-07-07,12:22:00
CNR3211877735,CID743117,"Prime Sedan",Success,Cash,23,228,3.4,4.8,NULL,No,2024-07-30,11:53:00
CNR9388107682,CID840346,"Prime Sedan","Canceled by Customer",NULL,0,216,NULL,NULL,NULL,NULL,2024-07-16,17:46:00
CNR1998613771,CID884765,eBike,Success,"Credit Card",41,477,4,3.2,NULL,No,2024-07-09,06:53:00
CNR6923677666,CID124935,Bike,"Driver Not Found",NULL,0,277,NULL,NULL,NULL,NULL,2024-07-14,02:28:00
CNR1852454738,CID781523,"Prime SUV","Driver Not Found",NULL,0,601,NULL,NULL,NULL,NULL,2024-07-26,22:49:00
CNR2441774613,CID166563,Bike,"Canceled by Customer",NULL,0,258,NULL,NULL,NULL,NULL,2024-07-12,12:04:00
CNR3551606226,CID115356,Bike,Success,Cash,43,345,4.6,4.8,NULL,No,2024-07-07,00:22:00
CNR9266238014,CID180424,"Prime SUV",Success,Cash,29,104,3,4.2,NULL,No,2024-07-28,08:08:00
CNR3178581771,CID406782,"Prime SUV",Success,UPI,43,780,4.4,3.3,"Customer Demand",Yes,2024-07-16,15:40:00
CNR6630122956,CID485217,"Prime Plus",Success,Cash,42,488,3.8,4.4,NULL,No,2024-07-21,22:04:00
CNR6481461779,CID418305,eBike,Success,Cash,45,349,4.2,4.3,NULL,No,2024-07-04,07:10:00
CNR9827470995,CID791004,Auto,"Canceled by Customer",NULL,0,303,NULL,NULL,NULL,NULL,2024-07-23,01:19:00
CNR7059118300,CID846189,"Prime Sedan",Success,UPI,47,458,3.8,3.2,NULL,No,2024-07-18,04:03:00
CNR9098980512,CID778985,"Prime Plus",Success,Cash,39,203,3.1,3.5,NULL,No,2024-07-07,22:03:00
CNR5075935226,CID310944,"Prime SUV","Driver Not Found",NULL,0,2695,NULL,NULL,NULL,NULL,2024-07-04,04:48:00
CNR9114796293,CID377604,"Prime SUV",Success,Cash,16,472,3.7,3.2,NULL,No,2024-07-27,18:48:00
CNR1336073950,CID663645,"Prime Plus",Success,UPI,41,657,4.8,4.2,NULL,No,2024-07-28,06:28:00
CNR9890176683,CID550893,eBike,Success,UPI,16,747,4.8,3.8,NULL,No,2024-07-18,06:24:00
CNR9246105731,CID411471,"Prime Sedan",Success,UPI,36,114,4.7,4.1,NULL,No,2024-07-11,22:34:00
CNR1263936541,CID206428,Auto,Success,UPI,1,137,3.7,4.7,NULL,No,2024-07-18,15:08:00
CNR7582255360,CID238250,Bike,Success,Cash,28,202,3.4,3.1,"Vehicle Breakdown",Yes,2024-07-20,08:57:00
CNR8874870004,CID762012,Auto,Success,Cash,16,771,4.7,4.6,NULL,No,2024-07-26,01:04:00
CNR2087486954,CID239020,eBike,Success,Cash,37,849,3,3.8,NULL,No,2024-07-26,22:38:00
CNR8745813955,CID101380,"Prime SUV","Canceled by Driver",NULL,0,849,NULL,NULL,NULL,NULL,2024-07-03,17:37:00
CNR7237276647,CID123698,Mini,Success,UPI,45,402,5,4.5,NULL,No,2024-07-07,04:08:00
CNR3538574363,CID368004,"Prime SUV",Success,Cash,40,269,4.2,3.2,NULL,No,2024-07-25,18:13:00
CNR4923629923,CID176320,Auto,"Canceled by Driver",NULL,0,296,NULL,NULL,NULL,NULL,2024-07-15,06:26:00
CNR5060999775,CID982967,Auto,Success,Cash,18,397,4.6,3.5,NULL,No,2024-07-21,13:49:00
CNR4550726008,CID586918,"Prime Sedan","Driver Not Found",NULL,0,391,NULL,NULL,NULL,NULL,2024-07-30,18:52:00
CNR6155120699,CID865431,"Prime SUV",Success,Cash,9,347,3.8,4.9,NULL,No,2024-07-12,08:54:00
CNR8595494218,CID688235,Auto,Success,UPI,17,290,4.1,3.3,NULL,No,2024-07-14,14:20:00
CNR6147414992,CID234124,"Prime Plus",Success,UPI,4,478,4,4.3,NULL,No,2024-07-05,07:28:00
CNR3929678886,CID797298,eBike,Success,Cash,27,264,3.6,3.2,NULL,No,2024-07-24,23:08:00
CNR1780998824,CID410087,"Prime Plus",Success,Cash,49,324,3.3,4.8,NULL,No,2024-07-03,09:20:00
CNR7710804440,CID820541,"Prime Sedan","Driver Not Found",NULL,0,438,NULL,NULL,NULL,NULL,2024-07-15,16:41:00
CNR8105903458,CID930699,"Prime SUV",Success,Cash,8,285,4.8,4.2,NULL,No,2024-07-06,11:54:00
CNR4672172755,CID129124,"Prime Sedan",Success,UPI,5,493,4.2,4.3,NULL,No,2024-07-07,17:26:00
CNR5272594548,CID627109,"Prime Plus","Canceled by Driver",NULL,0,470,NULL,NULL,NULL,NULL,2024-07-30,16:48:00
CNR8535011317,CID520411,Bike,Success,UPI,27,155,3.2,4.5,"Customer Demand",Yes,2024-07-04,21:47:00
CNR6548861474,CID523299,Bike,Success,Cash,31,139,3.6,3.7,NULL,No,2024-07-01,06:01:00
CNR3096920957,CID738485,Auto,Success,UPI,2,2851,3.4,3.8,NULL,No,2024-07-17,17:43:00
CNR6844255970,CID476455,eBike,"Canceled by Customer",NULL,0,2638,NULL,NULL,NULL,NULL,2024-07-24,23:02:00
CNR5106611023,CID459050,"Prime Sedan",Success,UPI,15,426,3.9,3.9,"Other Issue",Yes,2024-07-24,11:37:00
CNR4676885596,CID586363,Mini,Success,Cash,20,579,3.6,3.5,NULL,No,2024-07-08,17:54:00
CNR8282607088,CID421931,Mini,Success,Cash,42,358,4.6,4.1,NULL,No,2024-07-02,13:37:00
CNR7249326192,CID719773,Bike,Success,UPI,37,165,4.5,3.7,NULL,No,2024-07-21,12:00:00
CNR5961372525,CID339674,Auto,"Driver Not Found",NULL,0,2684,NULL,NULL,NULL,NULL,2024-07-16,22:06:00
CNR5743469846,CID947691,"Prime Sedan",Success,"Credit Card",3,145,3.2,3.6,NULL,No,2024-07-28,01:39:00
CNR7807535423,CID912142,"Prime Plus",Success,UPI,13,336,3.4,3.9,NULL,No,2024-07-15,06:16:00
CNR7127343811,CID440642,"Prime SUV",Success,Cash,10,589,4.5,4,"Vehicle Breakdown",Yes,2024-07-20,09:29:00
CNR8143996976,CID263485,"Prime Plus",Success,UPI,19,184,4.2,3.9,NULL,No,2024-07-28,09:41:00
CNR8265796055,CID667686,eBike,Success,UPI,3,250,4.8,5,NULL,No,2024-07-22,07:49:00
CNR2731832411,CID838782,"Prime SUV",Success,Cash,33,342,3.7,4,NULL,No,2024-07-21,01:56:00
CNR5893227620,CID724717,Mini,Success,Cash,24,665,3.3,3.9,NULL,No,2024-07-01,12:46:00
CNR2900227014,CID843412,Mini,Success,Cash,6,217,4.4,4.4,NULL,No,2024-07-14,10:12:00
CNR4369876269,CID654749,"Prime Sedan",Success,"Credit Card",36,358,3.2,4.6,NULL,No,2024-07-24,23:31:00
CNR6315774432,CID778590,eBike,Success,Cash,17,206,4.5,3.5,"Other Issue",Yes,2024-07-17,02:34:00
CNR6359719407,CID132002,Auto,"Canceled by Customer",NULL,0,336,NULL,NULL,NULL,NULL,2024-07-16,01:35:00
CNR9415043355,CID955162,"Prime Sedan",Success,UPI,10,474,4.5,4.2,NULL,No,2024-07-12,17:46:00
CNR7333194442,CID563302,Mini,Success,UPI,39,360,4.3,5,"Other Issue",Yes,2024-07-26,14:13:00
CNR5730003067,CID180372,Bike,Success,UPI,27,157,3.4,3.6,NULL,No,2024-07-05,13:55:00
CNR7722077781,CID390559,"Prime Sedan","Canceled by Driver",NULL,0,644,NULL,NULL,NULL,NULL,2024-07-26,08:46:00
CNR8202988828,CID880766,"Prime Plus",Success,UPI,36,379,3.6,4.5,NULL,No,2024-07-09,17:21:00
CNR2038802889,CID888203,"Prime SUV",Success,Cash,8,451,4.7,3.9,NULL,No,2024-07-08,15:05:00
CNR2100101481,CID479845,Mini,"Canceled by Customer",NULL,0,2681,NULL,NULL,NULL,NULL,2024-07-09,01:28:00
CNR1407287806,CID963222,eBike,"Canceled by Driver",NULL,0,577,NULL,NULL,NULL,NULL,2024-07-10,06:15:00
CNR5232169923,CID656452,"Prime SUV","Canceled by Driver",NULL,0,150,NULL,NULL,NULL,NULL,2024-07-16,18:03:00
CNR2926147753,CID297119,"Prime Sedan","Canceled by Driver",NULL,0,260,NULL,NULL,NULL,NULL,2024-07-23,10:36:00
CNR8926994709,CID335950,Bike,Success,Cash,17,830,3.4,3.1,NULL,No,2024-07-28,04:45:00
CNR2362099931,CID233154,"Prime Plus",Success,Cash,47,218,4.1,3.5,NULL,No,2024-07-18,14:29:00
CNR8825504314,CID947173,Bike,Success,UPI,21,180,4.8,4.6,NULL,No,2024-07-01,20:14:00
CNR3690929103,CID545970,"Prime SUV",Success,UPI,43,100,3.7,3.3,NULL,No,2024-07-16,18:34:00
CNR5273898512,CID888630,"Prime Plus",Success,Cash,37,375,3,3.6,NULL,No,2024-07-26,15:04:00
CNR9724333556,CID203481,eBike,Success,Cash,43,939,3.3,4.3,NULL,No,2024-07-03,05:16:00
CNR7566830663,CID293107,"Prime Sedan",Success,Cash,10,207,3.2,4.7,NULL,No,2024-07-12,11:52:00
CNR7822711041,CID457076,"Prime SUV",Success,Cash,20,959,3.7,3.6,NULL,No,2024-07-20,21:07:00
CNR5652451203,CID429255,"Prime SUV","Driver Not Found",NULL,0,434,NULL,NULL,NULL,NULL,2024-07-06,21:53:00
CNR2458194211,CID761556,Auto,"Canceled by Driver",NULL,0,1181,NULL,NULL,NULL,NULL,2024-07-29,10:30:00
CNR9573102534,CID555170,"Prime Plus","Canceled by Driver",NULL,0,450,NULL,NULL,NULL,NULL,2024-07-12,21:53:00
CNR2671538988,CID990226,eBike,Success,Cash,6,333,4.6,3.8,NULL,No,2024-07-15,01:37:00
CNR1930983760,CID489167,"Prime Sedan",Success,UPI,9,130,3.3,4.9,NULL,No,2024-07-04,05:17:00
CNR1576690644,CID770225,Auto,Success,Cash,10,144,3.5,4.1,NULL,No,2024-07-29,09:05:00
CNR6687046527,CID484756,Auto,Success,UPI,2,961,3.8,4.3,NULL,No,2024-07-08,08:50:00
CNR5214223947,CID288996,"Prime Sedan","Canceled by Customer",NULL,0,604,NULL,NULL,NULL,NULL,2024-07-03,22:38:00
CNR3696598594,CID422381,Auto,Success,UPI,1,342,3.9,4.3,NULL,No,2024-07-26,09:06:00
CNR8589920790,CID488426,Mini,"Canceled by Customer",NULL,0,409,NULL,NULL,NULL,NULL,2024-07-02,00:23:00
CNR3050266121,CID254802,"Prime Sedan",Success,UPI,12,489,4.2,4.7,NULL,No,2024-07-24,21:00:00
CNR8248650136,CID831076,Auto,"Canceled by Driver",NULL,0,929,NULL,NULL,NULL,NULL,2024-07-02,22:06:00
CNR8277565872,CID243551,Mini,Success,Cash,22,346,3.3,4.2,NULL,No,2024-07-21,19:09:00
CNR8229656349,CID350287,Mini,Success,"Credit Card",9,793,3.8,3.6,NULL,No,2024-07-23,23:25:00
CNR2972442433,CID970989,"Prime Sedan",Success,UPI,28,469,3.5,4.3,NULL,No,2024-07-24,11:37:00
CNR7109314308,CID452595,eBike,Success,UPI,40,233,4.1,3.7,NULL,No,2024-07-03,06:23:00
CNR9633582377,CID798617,"Prime Plus","Canceled by Driver",NULL,0,401,NULL,NULL,NULL,NULL,2024-07-20,01:43:00
CNR7314215778,CID460519,Auto,Success,UPI,4,207,5,4.8,NULL,No,2024-07-13,20:30:00
CNR8070363718,CID676697,"Prime Sedan","Canceled by Driver",NULL,0,351,NULL,NULL,NULL,NULL,2024-07-25,10:37:00
CNR7643459345,CID709679,Bike,Success,Cash,2,402,3.1,4.9,NULL,No,2024-07-18,04:11:00
CNR5920793060,CID374655,"Prime Plus",Success,UPI,38,624,4.7,3.4,NULL,No,2024-07-30,13:41:00
CNR3558335067,CID994763,Mini,"Canceled by Driver",NULL,0,945,NULL,NULL,NULL,NULL,2024-07-29,23:29:00
CNR5902195430,CID485857,"Prime Sedan",Success,UPI,28,295,3.8,3.3,NULL,No,2024-07-02,19:37:00
CNR6938164723,CID616438,Auto,"Canceled by Customer",NULL,0,718,NULL,NULL,NULL,NULL,2024-07-26,08:41:00
CNR3989026336,CID739527,Auto,"Canceled by Driver",NULL,0,963,NULL,NULL,NULL,NULL,2024-07-23,20:37:00
CNR7947752424,CID312192,Bike,"Canceled by Driver",NULL,0,1869,NULL,NULL,NULL,NULL,2024-07-23,08:20:00
CNR5515574345,CID646862,"Prime SUV",Success,UPI,9,918,3.5,4.4,NULL,No,2024-07-27,19:59:00
CNR5193789377,CID554587,Auto,Success,UPI,16,134,4.4,4.9,NULL,No,2024-07-25,14:15:00
CNR6987923530,CID701686,"Prime Plus",Success,UPI,21,345,3.6,3.6,NULL,No,2024-07-05,04:32:00
CNR1447068216,CID670988,"Prime Plus",Success,UPI,30,924,3.6,4.8,NULL,No,2024-07-07,12:18:00
CNR2862815650,CID149705,eBike,Success,Cash,11,373,4.7,4.7,NULL,No,2024-07-23,07:32:00
CNR7792061159,CID171490,Mini,Success,Cash,29,375,4.4,4,NULL,No,2024-07-05,10:04:00
CNR9039416911,CID491409,Mini,Success,Cash,7,268,3.6,4.5,NULL,No,2024-07-25,02:26:00
CNR5793649611,CID282183,Auto,Success,Cash,2,519,4.3,3.5,NULL,No,2024-07-22,16:33:00
CNR6854201913,CID467155,Bike,Success,Cash,12,141,3.8,3.6,NULL,No,2024-07-13,04:51:00
CNR7087492547,CID951895,Bike,Success,UPI,38,186,3.8,4.1,NULL,No,2024-07-08,22:46:00
CNR4143470815,CID111601,"Prime Sedan",Success,Cash,16,982,4.7,4.3,NULL,No,2024-07-03,07:49:00
CNR8792365083,CID462303,"Prime Plus","Canceled by Driver",NULL,0,218,NULL,NULL,NULL,NULL,2024-07-12,02:23:00
CNR4160637846,CID955988,Mini,Success,Cash,14,803,4.8,3.5,NULL,No,2024-07-13,03:11:00
CNR4730462346,CID715681,"Prime Sedan",Success,"Credit Card",46,389,3.8,3.1,NULL,No,2024-07-05,12:00:00
CNR3717381634,CID384320,eBike,"Canceled by Driver",NULL,0,135,NULL,NULL,NULL,NULL,2024-07-20,05:31:00
CNR3417502965,CID424602,eBike,Success,UPI,5,432,4.3,4.9,NULL,No,2024-07-12,18:01:00
CNR3600939753,CID882123,Bike,Success,Cash,14,424,4.2,4.4,NULL,No,2024-07-22,23:16:00
CNR5181746297,CID305943,Mini,"Canceled by Customer",NULL,0,1866,NULL,NULL,NULL,NULL,2024-07-18,21:49:00
CNR6672329764,CID695232,"Prime SUV",Success,Cash,14,2981,4.7,3,NULL,No,2024-07-09,03:32:00
CNR8934509053,CID998400,Bike,Success,Cash,27,719,3.7,3.9,NULL,No,2024-07-08,13:42:00
CNR7734309821,CID545024,eBike,"Canceled by Customer",NULL,0,499,NULL,NULL,NULL,NULL,2024-07-13,10:27:00
CNR3264754489,CID960832,eBike,"Driver Not Found",NULL,0,454,NULL,NULL,NULL,NULL,2024-07-05,10:03:00
CNR6354004178,CID112187,"Prime SUV",Success,UPI,44,242,4.8,4.4,NULL,No,2024-07-02,14:04:00
CNR4658965953,CID197262,Mini,Success,Cash,15,663,5,4.5,NULL,No,2024-07-22,21:53:00
CNR7296216469,CID124038,Mini,Success,Cash,43,442,5,3.5,"Customer Demand",Yes,2024-07-10,23:06:00
CNR1027785146,CID465899,Auto,"Canceled by Driver",NULL,0,454,NULL,NULL,NULL,NULL,2024-07-07,18:49:00
CNR6293456759,CID993583,"Prime Plus","Driver Not Found",NULL,0,192,NULL,NULL,NULL,NULL,2024-07-10,13:18:00
CNR7895473510,CID573911,Auto,Success,Cash,9,253,3,4,NULL,No,2024-07-13,15:00:00
CNR4112350664,CID723639,"Prime SUV",Success,Cash,14,446,3.1,4.6,NULL,No,2024-07-08,07:56:00
CNR9735730132,CID400089,"Prime Plus","Driver Not Found",NULL,0,345,NULL,NULL,NULL,NULL,2024-07-12,23:51:00
CNR7765648208,CID804711,Auto,Success,Cash,13,361,3.4,3.2,NULL,No,2024-07-20,23:13:00
CNR5848221847,CID684645,Mini,"Canceled by Customer",NULL,0,418,NULL,NULL,NULL,NULL,2024-07-22,14:53:00
CNR7431340936,CID875801,Mini,"Driver Not Found",NULL,0,475,NULL,NULL,NULL,NULL,2024-07-29,23:56:00
CNR2569160184,CID229671,Bike,"Canceled by Driver",NULL,0,370,NULL,NULL,NULL,NULL,2024-07-23,22:50:00
CNR6294714720,CID847706,eBike,"Canceled by Customer",NULL,0,291,NULL,NULL,NULL,NULL,2024-07-28,19:10:00
CNR9556051787,CID124602,"Prime Plus",Success,Cash,2,283,3.1,3.3,NULL,No,2024-07-04,16:33:00
CNR3151562230,CID864144,"Prime Plus",Success,UPI,16,105,3.4,4.9,"Vehicle Breakdown",Yes,2024-07-21,02:10:00
CNR3888627336,CID101545,Mini,Success,Cash,38,1918,4.3,3.4,NULL,No,2024-07-28,03:18:00
CNR6536563208,CID527863,Mini,Success,Cash,22,412,3.4,3.9,NULL,No,2024-07-30,23:11:00
CNR9221369404,CID153868,"Prime SUV",Success,Cash,3,110,3.9,4.4,NULL,No,2024-07-21,19:48:00
CNR5701220733,CID917125,"Prime SUV","Canceled by Driver",NULL,0,294,NULL,NULL,NULL,NULL,2024-07-28,09:39:00
CNR7419458512,CID542417,"Prime SUV",Success,UPI,28,571,3,3.9,NULL,No,2024-07-10,09:55:00
CNR7587397053,CID462242,Mini,"Canceled by Driver",NULL,0,187,NULL,NULL,NULL,NULL,2024-07-02,21:51:00
CNR6987499296,CID819742,"Prime Plus",Success,Cash,15,364,4,3.3,NULL,No,2024-07-03,00:06:00
CNR4029323577,CID970067,eBike,Success,Cash,30,241,4,4.5,NULL,No,2024-07-21,08:54:00
CNR6398804130,CID506447,"Prime SUV",Success,UPI,39,290,3.3,3.8,NULL,No,2024-07-23,00:45:00
CNR5457171323,CID324049,Mini,Success,Cash,22,915,3.5,4.6,NULL,No,2024-07-10,18:45:00
CNR9662064828,CID989204,eBike,"Canceled by Customer",NULL,0,746,NULL,NULL,NULL,NULL,2024-07-30,20:47:00
CNR3107498077,CID950406,eBike,"Driver Not Found",NULL,0,427,NULL,NULL,NULL,NULL,2024-07-08,10:02:00
CNR3952732444,CID452123,"Prime Plus",Success,Cash,7,409,4.9,3.1,NULL,No,2024-07-01,21:53:00
CNR5777910597,CID663872,"Prime SUV","Canceled by Driver",NULL,0,898,NULL,NULL,NULL,NULL,2024-07-20,06:22:00
CNR2991513181,CID992348,Auto,Success,Cash,2,305,3.9,3.7,NULL,No,2024-07-02,03:52:00
CNR5940757396,CID700861,Mini,"Canceled by Customer",NULL,0,2501,NULL,NULL,NULL,NULL,2024-07-11,07:57:00
CNR7375877575,CID348054,"Prime Plus",Success,UPI,43,2926,4.1,4.5,NULL,No,2024-07-06,06:51:00
CNR1872080690,CID691524,Auto,"Canceled by Driver",NULL,0,463,NULL,NULL,NULL,NULL,2024-07-16,21:19:00
CNR8442827020,CID478385,Auto,Success,Cash,16,717,3.7,3.7,NULL,No,2024-07-07,18:50:00
CNR8692201198,CID842293,"Prime SUV",Success,UPI,17,214,3.5,4.1,NULL,No,2024-07-13,02:03:00
CNR3016403523,CID800910,Mini,Success,UPI,35,434,4.9,3.4,NULL,No,2024-07-19,01:05:00
CNR1593407677,CID142070,Mini,Success,UPI,49,318,3.3,4.7,NULL,No,2024-07-20,03:01:00
CNR4313471304,CID217346,"Prime Plus","Driver Not Found",NULL,0,247,NULL,NULL,NULL,NULL,2024-07-25,06:31:00
CNR4050153436,CID448471,"Prime Sedan",Success,Cash,17,207,3.3,3.4,NULL,No,2024-07-13,21:48:00
CNR8141621703,CID461730,eBike,Success,Cash,36,172,3.5,3.5,NULL,No,2024-07-30,11:36:00
CNR1852330795,CID756591,"Prime Plus",Success,Cash,40,108,4.9,3.3,NULL,No,2024-07-23,11:05:00
CNR3515016228,CID717188,"Prime Sedan",Success,Cash,35,230,4.9,4.6,"Vehicle Breakdown",Yes,2024-07-10,07:56:00
CNR6664390913,CID894563,Mini,Success,UPI,37,391,4.9,3.5,NULL,No,2024-07-21,16:55:00
CNR5020910140,CID973188,eBike,"Canceled by Customer",NULL,0,189,NULL,NULL,NULL,NULL,2024-07-05,07:28:00
CNR2303900695,CID655347,"Prime SUV",Success,Cash,40,355,3.9,4.5,NULL,No,2024-07-24,12:34:00
CNR7089337616,CID385173,Auto,Success,Cash,10,205,3.7,5,NULL,No,2024-07-26,18:36:00
CNR7156159431,CID658603,"Prime Plus",Success,Cash,20,738,3.4,3.8,NULL,No,2024-07-01,01:43:00
CNR9155782240,CID724071,"Prime SUV",Success,Cash,4,217,4.9,4.9,NULL,No,2024-07-08,23:57:00
CNR6247095121,CID618304,Auto,Success,Cash,19,217,4.8,3.5,NULL,No,2024-07-25,03:08:00
CNR2779154048,CID105206,Auto,Success,Cash,4,394,3.2,3.6,NULL,No,2024-07-01,02:09:00
CNR7865258416,CID941565,"Prime SUV","Canceled by Driver",NULL,0,948,NULL,NULL,NULL,NULL,2024-07-09,05:03:00
CNR7022469695,CID353156,Mini,Success,Cash,15,553,4.8,4.1,NULL,No,2024-07-24,01:57:00
CNR7814983210,CID553003,"Prime Sedan",Success,UPI,43,930,4.1,3.8,NULL,No,2024-07-04,11:42:00
CNR2502432692,CID798737,Mini,"Driver Not Found",NULL,0,753,NULL,NULL,NULL,NULL,2024-07-23,02:45:00
CNR4297020438,CID132154,eBike,"Canceled by Customer",NULL,0,473,NULL,NULL,NULL,NULL,2024-07-09,01:01:00
CNR2898581380,CID314861,"Prime SUV","Driver Not Found",NULL,0,458,NULL,NULL,NULL,NULL,2024-07-29,00:23:00
CNR5878457606,CID992357,Auto,Success,UPI,18,1164,3.7,4.8,NULL,No,2024-07-03,06:39:00
CNR9753708858,CID349707,"Prime Plus",Success,Cash,32,350,4.6,4.6,"Customer Demand",Yes,2024-07-30,18:17:00
CNR7981405163,CID638844,Bike,Success,Cash,28,491,3,4.3,NULL,No,2024-07-23,17:55:00
CNR1459522677,CID453698,"Prime Sedan",Success,Cash,36,376,3.4,4.5,NULL,No,2024-07-20,20:05:00
CNR7944506445,CID409821,Auto,Success,Cash,15,393,3.2,4.8,NULL,No,2024-07-29,09:14:00
CNR3549347253,CID475934,eBike,"Driver Not Found",NULL,0,274,NULL,NULL,NULL,NULL,2024-07-05,04:09:00
CNR8422419602,CID831503,"Prime SUV",Success,Cash,9,433,4.1,4.9,NULL,No,2024-07-11,16:44:00
CNR5855634722,CID189950,"Prime Plus",Success,Cash,21,192,4,4,NULL,No,2024-07-04,04:15:00
CNR8320043637,CID540732,"Prime Sedan",Success,Cash,10,976,4.4,3.7,NULL,No,2024-07-08,23:31:00
CNR8034283783,CID310668,"Prime Sedan","Driver Not Found",NULL,0,329,NULL,NULL,NULL,NULL,2024-07-09,08:13:00
CNR3256371921,CID485504,"Prime SUV","Canceled by Customer",NULL,0,272,NULL,NULL,NULL,NULL,2024-07-25,16:49:00
CNR8022592314,CID673757,Bike,Success,Cash,49,340,4.1,4.7,NULL,No,2024-07-19,20:38:00
CNR1440283141,CID472749,"Prime Plus","Canceled by Driver",NULL,0,564,NULL,NULL,NULL,NULL,2024-07-06,10:03:00
CNR8786686268,CID670567,Auto,Success,UPI,12,745,4.4,4.3,NULL,No,2024-07-24,17:32:00
CNR7641018528,CID317332,Bike,Success,UPI,29,381,3.5,4.9,NULL,No,2024-07-10,12:09:00
CNR6470195463,CID428166,"Prime Plus","Canceled by Customer",NULL,0,413,NULL,NULL,NULL,NULL,2024-07-07,09:06:00
CNR7917159192,CID250046,Mini,Success,Cash,22,730,4.6,3.8,NULL,No,2024-07-04,13:49:00
CNR9509424303,CID796778,"Prime Plus",Success,"Credit Card",14,295,3.7,3.5,NULL,No,2024-07-25,02:07:00
CNR8287954331,CID598194,eBike,Success,UPI,43,108,3.9,4.1,NULL,No,2024-07-15,05:57:00
CNR1456183116,CID426820,eBike,"Canceled by Customer",NULL,0,459,NULL,NULL,NULL,NULL,2024-07-27,09:42:00
CNR3291976622,CID399949,Mini,Success,UPI,44,254,4.5,3.1,NULL,No,2024-07-02,10:00:00
CNR8127313439,CID356015,"Prime SUV","Canceled by Driver",NULL,0,494,NULL,NULL,NULL,NULL,2024-07-19,16:26:00
CNR1411493057,CID985828,Mini,Success,Cash,14,118,4.4,4.2,NULL,No,2024-07-09,20:47:00
CNR4906896933,CID564638,eBike,"Canceled by Customer",NULL,0,361,NULL,NULL,NULL,NULL,2024-07-01,09:47:00
CNR9098900102,CID234084,eBike,Success,"Credit Card",5,202,4.6,3.3,NULL,No,2024-07-28,16:25:00
CNR8778214565,CID174110,eBike,"Canceled by Driver",NULL,0,2642,NULL,NULL,NULL,NULL,2024-07-20,06:38:00
CNR9013284015,CID296147,"Prime Sedan",Success,UPI,3,498,4.4,4.6,NULL,No,2024-07-20,01:50:00
CNR1899513439,CID151544,"Prime SUV","Canceled by Customer",NULL,0,240,NULL,NULL,NULL,NULL,2024-07-08,21:43:00
CNR3457246461,CID293784,Mini,Success,Cash,22,399,3.1,4.2,NULL,No,2024-07-11,11:22:00
CNR3328257189,CID980629,Bike,"Canceled by Driver",NULL,0,303,NULL,NULL,NULL,NULL,2024-07-02,23:35:00
CNR9514979628,CID620964,Bike,Success,UPI,30,261,4.9,4.8,NULL,No,2024-07-15,08:55:00
CNR6683059009,CID704893,"Prime Sedan",Success,"Debit Card",23,340,3.2,4.9,NULL,No,2024-07-30,00:47:00
CNR6521243972,CID401934,Mini,"Canceled by Customer",NULL,0,662,NULL,NULL,NULL,NULL,2024-07-24,03:13:00
CNR5249945945,CID945925,"Prime Plus",Success,Cash,44,569,4,4.5,NULL,No,2024-07-28,05:43:00
CNR4959722358,CID336152,eBike,"Canceled by Driver",NULL,0,185,NULL,NULL,NULL,NULL,2024-07-28,21:53:00
CNR7004499391,CID545922,"Prime SUV","Canceled by Customer",NULL,0,322,NULL,NULL,NULL,NULL,2024-07-02,06:13:00
CNR6185886977,CID683200,"Prime Sedan","Canceled by Driver",NULL,0,279,NULL,NULL,NULL,NULL,2024-07-22,00:44:00
CNR6190557479,CID586065,eBike,Success,Cash,36,468,3.7,3.1,NULL,No,2024-07-08,09:53:00
CNR3718911387,CID683457,Auto,Success,UPI,17,436,3.6,3.5,NULL,No,2024-07-26,00:47:00
CNR5475627471,CID330754,Bike,Success,Cash,14,121,3.1,3.6,NULL,No,2024-07-22,21:42:00
CNR6300023142,CID693495,Auto,"Canceled by Driver",NULL,0,1265,NULL,NULL,NULL,NULL,2024-07-09,14:04:00
CNR8793757122,CID328176,Auto,"Canceled by Driver",NULL,0,409,NULL,NULL,NULL,NULL,2024-07-02,22:18:00
CNR1931024373,CID137186,Mini,Success,UPI,34,303,4.8,5,"Vehicle Breakdown",Yes,2024-07-02,02:16:00
CNR3737438536,CID363541,"Prime Sedan","Canceled by Driver",NULL,0,339,NULL,NULL,NULL,NULL,2024-07-15,16:53:00
CNR5549987779,CID638096,"Prime Plus","Driver Not Found",NULL,0,119,NULL,NULL,NULL,NULL,2024-07-07,04:23:00
CNR4166236620,CID174499,"Prime SUV","Canceled by Customer",NULL,0,218,NULL,NULL,NULL,NULL,2024-07-18,07:31:00
CNR5842450029,CID759414,Auto,Success,Cash,15,429,4.8,3.8,NULL,No,2024-07-13,03:18:00
CNR3086279264,CID209368,"Prime SUV",Success,UPI,24,158,4.9,3.9,NULL,No,2024-07-15,13:43:00
CNR3092150984,CID437545,"Prime SUV","Driver Not Found",NULL,0,486,NULL,NULL,NULL,NULL,2024-07-11,07:00:00
CNR5785794868,CID982838,"Prime Sedan",Success,UPI,44,196,3.3,4.7,NULL,No,2024-07-15,08:05:00
CNR3092594393,CID747844,Bike,Success,UPI,1,532,3,4.5,NULL,No,2024-07-07,14:17:00
CNR8736294385,CID454270,eBike,Success,UPI,5,499,3.4,3.6,NULL,No,2024-07-11,22:45:00
CNR8157928979,CID710399,"Prime Sedan","Canceled by Driver",NULL,0,642,NULL,NULL,NULL,NULL,2024-07-06,19:13:00
CNR3416620657,CID686038,"Prime Sedan",Success,UPI,44,1946,3.9,4.1,NULL,No,2024-07-19,09:32:00
CNR3514157582,CID792649,"Prime Plus",Success,Cash,47,435,4.8,4,NULL,No,2024-07-12,11:36:00
CNR5353677897,CID319563,Mini,"Canceled by Customer",NULL,0,463,NULL,NULL,NULL,NULL,2024-07-18,01:22:00
CNR7038990440,CID472797,"Prime Plus",Success,Cash,21,100,3.3,3,NULL,No,2024-07-07,16:12:00
CNR7110634082,CID658725,Bike,Success,UPI,21,218,3.2,4.1,NULL,No,2024-07-18,22:21:00
CNR8893814860,CID912017,Mini,Success,Cash,48,351,3.6,4,NULL,No,2024-07-03,15:29:00
CNR7540240070,CID324487,Mini,"Canceled by Driver",NULL,0,452,NULL,NULL,NULL,NULL,2024-07-26,11:52:00
CNR5370106193,CID475279,"Prime Plus","Canceled by Driver",NULL,0,695,NULL,NULL,NULL,NULL,2024-07-30,13:26:00
CNR2246347681,CID750030,Bike,Success,UPI,34,940,4.5,3.6,NULL,No,2024-07-09,08:41:00
CNR3450602497,CID817999,Auto,Success,"Credit Card",14,2129,4.9,4.5,NULL,No,2024-07-22,22:22:00
CNR5609417423,CID637563,Mini,"Canceled by Customer",NULL,0,405,NULL,NULL,NULL,NULL,2024-07-02,06:24:00
CNR4615608754,CID799545,eBike,Success,"Credit Card",36,382,3.8,4.1,NULL,No,2024-07-12,16:57:00
CNR6445080363,CID184041,eBike,"Canceled by Driver",NULL,0,279,NULL,NULL,NULL,NULL,2024-07-21,17:31:00
CNR4002530518,CID919961,"Prime SUV",Success,Cash,1,104,3.5,3.3,NULL,No,2024-07-28,03:29:00
CNR9986843921,CID961653,"Prime Plus","Canceled by Customer",NULL,0,136,NULL,NULL,NULL,NULL,2024-07-10,10:31:00
CNR2753338754,CID889387,eBike,Success,"Credit Card",48,239,3.2,4.9,NULL,No,2024-07-12,04:36:00
CNR5528674251,CID993108,"Prime SUV","Canceled by Driver",NULL,0,244,NULL,NULL,NULL,NULL,2024-07-07,07:38:00
CNR7958289091,CID261185,"Prime Sedan","Canceled by Driver",NULL,0,225,NULL,NULL,NULL,NULL,2024-07-16,17:01:00
CNR1663305836,CID851834,eBike,"Driver Not Found",NULL,0,744,NULL,NULL,NULL,NULL,2024-07-01,08:47:00
CNR8719325633,CID208400,Auto,Success,UPI,9,843,3.9,4.6,NULL,No,2024-07-18,10:36:00
CNR1685989752,CID472423,eBike,Success,Cash,9,168,3.2,4.9,NULL,No,2024-07-17,09:38:00
CNR5480403089,CID380453,"Prime Plus",Success,UPI,26,363,5,4.3,NULL,No,2024-07-05,13:09:00
CNR5137043296,CID343254,Mini,Success,"Debit Card",9,314,4.2,3.1,NULL,No,2024-07-24,18:52:00
CNR9477095299,CID607468,Mini,Success,Cash,3,247,5,4.4,NULL,No,2024-07-19,01:21:00
CNR8883541278,CID465773,Mini,"Driver Not Found",NULL,0,470,NULL,NULL,NULL,NULL,2024-07-12,10:18:00
CNR3965859566,CID107940,eBike,Success,Cash,38,260,4.7,4.7,NULL,No,2024-07-02,00:42:00
CNR7673066991,CID762232,"Prime Sedan",Success,Cash,27,407,4.9,4.1,NULL,No,2024-07-18,18:23:00
CNR2845789701,CID482350,eBike,"Driver Not Found",NULL,0,369,NULL,NULL,NULL,NULL,2024-07-16,12:49:00
CNR6169207766,CID724881,"Prime Plus","Driver Not Found",NULL,0,420,NULL,NULL,NULL,NULL,2024-07-02,15:42:00
CNR8516409614,CID290081,"Prime SUV",Success,Cash,26,2877,4.5,4.9,NULL,No,2024-07-23,05:03:00
CNR8744346612,CID570707,"Prime SUV",Success,Cash,3,955,3.9,3.4,NULL,No,2024-07-06,14:04:00
CNR5284344363,CID862337,"Prime Plus",Success,UPI,34,428,3.9,4.1,NULL,No,2024-07-26,15:08:00
CNR8291672496,CID563369,"Prime Plus","Canceled by Driver",NULL,0,874,NULL,NULL,NULL,NULL,2024-07-17,19:26:00
CNR2485427128,CID574875,"Prime SUV","Canceled by Driver",NULL,0,382,NULL,NULL,NULL,NULL,2024-07-21,02:54:00
CNR1362571268,CID227559,Bike,Success,UPI,26,657,3.8,4.8,NULL,No,2024-07-24,13:28:00
CNR2686926257,CID617268,Auto,Success,Cash,6,207,3.9,4,NULL,No,2024-07-18,16:08:00
CNR9625639272,CID998960,Auto,Success,Cash,2,945,3.4,3.4,NULL,No,2024-07-19,08:23:00
CNR9498672052,CID351529,"Prime SUV",Success,"Credit Card",20,264,3.3,3.7,NULL,No,2024-07-11,04:59:00
CNR2485766659,CID509717,eBike,Success,UPI,22,115,5,4,NULL,No,2024-07-22,13:02:00
CNR4395882254,CID135529,Auto,Success,Cash,2,281,4.7,4.8,NULL,No,2024-07-13,22:00:00
CNR8811507785,CID207074,Auto,"Driver Not Found",NULL,0,1881,NULL,NULL,NULL,NULL,2024-07-01,03:18:00
CNR2904644602,CID125869,eBike,Success,Cash,26,422,4.8,4.6,NULL,No,2024-07-22,16:38:00
CNR5382510753,CID604279,"Prime SUV",Success,UPI,14,869,3.4,4.2,NULL,No,2024-07-21,05:59:00
CNR9176065097,CID178820,"Prime Plus",Success,Cash,22,353,4,4.6,NULL,No,2024-07-28,09:52:00
CNR3762140934,CID110216,Mini,Success,UPI,8,238,4,4.7,NULL,No,2024-07-07,10:25:00
CNR5698781178,CID142841,"Prime Plus",Success,Cash,20,456,4.4,3,NULL,No,2024-07-21,21:29:00
CNR7455139064,CID199283,"Prime SUV",Success,Cash,2,331,4.3,4.8,NULL,No,2024-07-28,19:16:00
CNR1524307839,CID126888,Auto,Success,Cash,4,218,4.2,4.6,NULL,No,2024-07-27,15:00:00
CNR5656596719,CID533857,eBike,"Canceled by Driver",NULL,0,332,NULL,NULL,NULL,NULL,2024-07-21,12:37:00
CNR2421723113,CID437155,"Prime Sedan",Success,Cash,38,404,3.8,4.7,"Customer Demand",Yes,2024-07-18,08:05:00
CNR5163916188,CID189965,Bike,Success,Cash,24,291,3.5,3.5,NULL,No,2024-07-27,19:04:00
CNR6284791372,CID660973,Mini,Success,Cash,46,1367,3.5,3.4,NULL,No,2024-07-29,20:36:00
CNR7916590115,CID600799,Bike,Success,Cash,31,318,4,4.9,NULL,No,2024-07-17,03:22:00
CNR5757332160,CID845362,"Prime Sedan",Success,UPI,21,269,3.4,4.3,NULL,No,2024-07-17,11:12:00
CNR3590679564,CID996368,Auto,Success,Cash,16,213,3.8,4.2,NULL,No,2024-07-27,05:54:00
CNR9055951164,CID852045,"Prime SUV",Success,Cash,11,389,3.5,3.2,NULL,No,2024-07-29,20:21:00
CNR5314914495,CID266013,Bike,Success,Cash,21,369,3.4,3.1,NULL,No,2024-07-28,15:08:00
CNR4001295021,CID292207,Auto,Success,UPI,15,301,3.2,3.1,NULL,No,2024-07-10,00:36:00
CNR5992604716,CID241802,"Prime Plus",Success,Cash,49,409,3.7,3.5,NULL,No,2024-07-20,04:47:00
CNR7326154593,CID561286,"Prime SUV",Success,Cash,40,425,3.4,4.6,"Customer Demand",Yes,2024-07-03,07:38:00
CNR2055030564,CID128491,"Prime Plus",Success,UPI,34,555,4.5,4,NULL,No,2024-07-15,14:18:00
CNR2169559650,CID534933,Auto,Success,UPI,18,760,4.5,4.9,"Customer Demand",Yes,2024-07-25,02:38:00
CNR5850143777,CID952434,Bike,Success,Cash,10,355,3.1,4.1,NULL,No,2024-07-26,04:53:00
CNR4454899928,CID972325,"Prime SUV","Canceled by Customer",NULL,0,289,NULL,NULL,NULL,NULL,2024-07-17,16:52:00
CNR6044469190,CID722812,"Prime Plus",Success,"Credit Card",6,117,3.8,3.4,NULL,No,2024-07-22,04:25:00
CNR8941244774,CID348458,eBike,Success,Cash,38,316,4,5,NULL,No,2024-07-22,21:34:00
CNR1810463571,CID714413,"Prime Sedan","Canceled by Customer",NULL,0,618,NULL,NULL,NULL,NULL,2024-07-05,01:13:00
CNR9534222650,CID575016,Auto,"Canceled by Customer",NULL,0,452,NULL,NULL,NULL,NULL,2024-07-16,06:00:00
CNR2221577375,CID730849,Mini,"Canceled by Driver",NULL,0,820,NULL,NULL,NULL,NULL,2024-07-05,02:30:00
CNR5620738445,CID516470,"Prime SUV",Success,Cash,32,185,3.1,4.5,NULL,No,2024-07-20,15:22:00
CNR9669878708,CID332006,Mini,"Canceled by Driver",NULL,0,356,NULL,NULL,NULL,NULL,2024-07-27,06:16:00
CNR7540714108,CID569164,Auto,"Canceled by Driver",NULL,0,371,NULL,NULL,NULL,NULL,2024-07-13,15:45:00
CNR4287925213,CID744782,Auto,Success,UPI,18,839,3.9,4.3,NULL,No,2024-07-06,16:11:00
CNR7888329042,CID204209,Mini,"Canceled by Driver",NULL,0,323,NULL,NULL,NULL,NULL,2024-07-19,01:51:00
CNR6806487234,CID673121,"Prime SUV",Success,UPI,29,430,4.9,4.3,NULL,No,2024-07-05,15:13:00
CNR7216115435,CID457323,"Prime SUV","Canceled by Customer",NULL,0,2349,NULL,NULL,NULL,NULL,2024-07-19,06:47:00
CNR9915944696,CID790149,"Prime Plus","Canceled by Customer",NULL,0,357,NULL,NULL,NULL,NULL,2024-07-09,15:52:00
CNR7223501449,CID318107,eBike,Success,Cash,44,457,4,3.2,NULL,No,2024-07-19,15:19:00
CNR4406470427,CID501485,eBike,Success,Cash,28,647,4.8,3.9,NULL,No,2024-07-30,04:23:00
CNR9038889596,CID757382,"Prime SUV",Success,Cash,36,327,3.7,3.6,NULL,No,2024-07-13,22:47:00
CNR9013209895,CID678137,Auto,"Canceled by Driver",NULL,0,396,NULL,NULL,NULL,NULL,2024-07-24,09:24:00
CNR4352340785,CID382237,Bike,Success,Cash,29,919,3.7,4.3,"Customer Demand",Yes,2024-07-03,03:30:00
CNR1137203739,CID441285,eBike,Success,UPI,8,426,4.7,3.7,NULL,No,2024-07-05,01:02:00
CNR6996941124,CID814961,"Prime Plus",Success,UPI,10,383,3.9,4,NULL,No,2024-07-05,17:32:00
CNR9048025511,CID940913,"Prime SUV",Success,Cash,14,661,3.2,4.6,NULL,No,2024-07-23,00:27:00
CNR6292190320,CID946836,Auto,Success,UPI,9,284,3.5,3.5,NULL,No,2024-07-27,07:06:00
CNR2413380100,CID276980,"Prime Plus","Canceled by Customer",NULL,0,619,NULL,NULL,NULL,NULL,2024-07-25,20:54:00
CNR3283888314,CID836582,"Prime Sedan","Driver Not Found",NULL,0,184,NULL,NULL,NULL,NULL,2024-07-05,18:43:00
CNR4870759138,CID612448,Auto,Success,Cash,16,604,3.6,4.8,NULL,No,2024-07-20,23:41:00
CNR9574365096,CID989054,"Prime Sedan",Success,UPI,23,2333,3.9,3,NULL,No,2024-07-27,08:40:00
CNR4918280677,CID229064,"Prime Sedan","Driver Not Found",NULL,0,176,NULL,NULL,NULL,NULL,2024-07-05,20:26:00
CNR9840599048,CID767562,Mini,Success,UPI,12,464,3.9,4.4,NULL,No,2024-07-30,09:10:00
CNR9712296008,CID654062,Bike,Success,Cash,18,251,3.9,4.9,NULL,No,2024-07-30,14:18:00
CNR5168755954,CID941533,Auto,Success,Cash,12,286,4.3,3.7,NULL,No,2024-07-18,04:44:00
CNR1558587936,CID806473,Mini,"Driver Not Found",NULL,0,217,NULL,NULL,NULL,NULL,2024-07-03,11:23:00
CNR9291782057,CID236790,eBike,"Canceled by Driver",NULL,0,1762,NULL,NULL,NULL,NULL,2024-07-14,08:45:00
CNR6384000900,CID183393,"Prime Sedan","Canceled by Customer",NULL,0,382,NULL,NULL,NULL,NULL,2024-07-16,23:18:00
CNR4692807656,CID410078,"Prime Plus",Success,"Credit Card",24,165,3.3,3.9,NULL,No,2024-07-15,20:29:00
CNR8607774773,CID226935,"Prime Plus","Canceled by Driver",NULL,0,141,NULL,NULL,NULL,NULL,2024-07-03,15:55:00
CNR5275953890,CID409280,Mini,"Driver Not Found",NULL,0,2720,NULL,NULL,NULL,NULL,2024-07-16,09:49:00
CNR2122926528,CID365718,"Prime SUV",Success,Cash,41,430,4.4,3.1,NULL,No,2024-07-28,17:54:00
CNR5058284180,CID687769,Bike,Success,Cash,41,252,4.3,4.3,NULL,No,2024-07-26,17:10:00
CNR1070278505,CID564698,"Prime Plus",Success,Cash,43,371,3.2,4,NULL,No,2024-07-17,08:17:00
CNR6383375515,CID306604,"Prime Sedan","Driver Not Found",NULL,0,183,NULL,NULL,NULL,NULL,2024-07-27,19:16:00
CNR9053616195,CID997945,Auto,Success,UPI,11,130,4.3,4.3,NULL,No,2024-07-28,10:56:00
CNR4411647638,CID611553,"Prime Plus",Success,UPI,9,974,4.3,3.1,"Customer Demand",Yes,2024-07-15,05:42:00
CNR4578602448,CID429288,Bike,Success,Cash,31,483,3.4,4.2,NULL,No,2024-07-06,04:08:00
CNR2117497349,CID946999,"Prime Plus","Canceled by Driver",NULL,0,142,NULL,NULL,NULL,NULL,2024-07-21,16:04:00
CNR3121675473,CID544271,"Prime Sedan",Success,Cash,37,190,4.4,3.9,NULL,No,2024-07-08,12:27:00
CNR5582073597,CID600934,"Prime Plus",Success,UPI,16,606,4.6,4.5,NULL,No,2024-07-26,17:47:00
CNR9021997521,CID729251,Auto,"Driver Not Found",NULL,0,270,NULL,NULL,NULL,NULL,2024-07-23,19:43:00
CNR2346546694,CID156951,Auto,Success,Cash,10,2632,4.6,4.1,NULL,No,2024-07-03,17:00:00
CNR7872750350,CID166707,"Prime SUV","Driver Not Found",NULL,0,407,NULL,NULL,NULL,NULL,2024-07-07,02:00:00
CNR2822225922,CID980249,Auto,Success,Cash,10,288,3.6,3.1,NULL,No,2024-07-28,17:39:00
CNR3052613043,CID634311,Auto,Success,Cash,1,459,3.7,3.5,NULL,No,2024-07-08,18:22:00
CNR9714132894,CID329193,"Prime Plus",Success,UPI,46,474,4.3,4.7,NULL,No,2024-07-16,18:21:00
CNR7173736967,CID876143,"Prime SUV","Canceled by Customer",NULL,0,280,NULL,NULL,NULL,NULL,2024-07-29,00:02:00
CNR5680044164,CID730647,"Prime Plus","Driver Not Found",NULL,0,241,NULL,NULL,NULL,NULL,2024-07-18,00:47:00
CNR7418923013,CID960240,"Prime Plus",Success,UPI,19,649,4.3,3,NULL,No,2024-07-15,09:31:00
CNR9766360557,CID824405,"Prime Plus","Canceled by Driver",NULL,0,1648,NULL,NULL,NULL,NULL,2024-07-15,13:52:00
CNR3765893080,CID573518,"Prime SUV","Driver Not Found",NULL,0,380,NULL,NULL,NULL,NULL,2024-07-03,10:26:00
CNR6724977743,CID784290,eBike,Success,Cash,3,145,4.5,3.5,NULL,No,2024-07-24,02:26:00
CNR6950899050,CID207085,"Prime Plus",Success,Cash,23,257,4.5,4.3,NULL,No,2024-07-04,22:08:00
CNR9718321676,CID779587,Mini,"Driver Not Found",NULL,0,177,NULL,NULL,NULL,NULL,2024-07-04,14:01:00
CNR3817464810,CID927840,Auto,Success,UPI,2,536,4.9,5,NULL,No,2024-07-15,03:17:00
CNR4848440972,CID293528,Bike,"Canceled by Customer",NULL,0,1599,NULL,NULL,NULL,NULL,2024-07-14,13:39:00
CNR4113554550,CID468933,"Prime Sedan","Canceled by Driver",NULL,0,214,NULL,NULL,NULL,NULL,2024-07-07,16:15:00
CNR2310105680,CID487899,Mini,Success,UPI,19,458,3.4,3.1,NULL,No,2024-07-13,10:30:00
CNR2766114291,CID625934,Mini,Success,Cash,39,752,4.7,3.5,NULL,No,2024-07-01,07:03:00
CNR9788555964,CID617562,Bike,Success,UPI,23,198,3.1,3.6,NULL,No,2024-07-25,03:08:00
CNR4117182129,CID619473,eBike,Success,Cash,4,692,3.1,3.5,NULL,No,2024-07-06,00:13:00
CNR1482862322,CID994354,"Prime SUV",Success,UPI,6,279,4,4.8,NULL,No,2024-07-26,18:33:00
CNR1846263435,CID653782,Bike,Success,Cash,37,433,4.5,4.8,"Customer Demand",Yes,2024-07-17,08:41:00
CNR9792857598,CID860533,eBike,"Canceled by Driver",NULL,0,884,NULL,NULL,NULL,NULL,2024-07-25,21:08:00
CNR6364083080,CID613170,eBike,Success,Cash,27,1087,4.6,4.3,NULL,No,2024-07-18,23:39:00
CNR4132114126,CID727658,"Prime Plus",Success,Cash,23,1058,4.6,4.1,NULL,No,2024-07-09,20:32:00
CNR1164297655,CID332835,eBike,Success,Cash,2,874,3.4,3.7,NULL,No,2024-07-20,02:28:00
CNR5107398570,CID283071,eBike,"Canceled by Driver",NULL,0,900,NULL,NULL,NULL,NULL,2024-07-15,23:25:00
CNR2594649356,CID988044,"Prime Sedan","Driver Not Found",NULL,0,349,NULL,NULL,NULL,NULL,2024-07-16,03:45:00
CNR5513264155,CID601467,"Prime Sedan",Success,UPI,27,350,4.6,5,"Vehicle Breakdown",Yes,2024-07-08,08:56:00
CNR7718204224,CID145915,"Prime Sedan","Canceled by Customer",NULL,0,273,NULL,NULL,NULL,NULL,2024-07-28,15:12:00
CNR9884288938,CID954511,Mini,"Canceled by Driver",NULL,0,819,NULL,NULL,NULL,NULL,2024-07-21,01:55:00
CNR8604114763,CID826289,eBike,Success,UPI,36,984,4.2,4.5,NULL,No,2024-07-07,22:15:00
CNR1648618375,CID215906,Auto,Success,UPI,18,918,3.3,4.9,NULL,No,2024-07-02,06:55:00
CNR3735646691,CID892984,eBike,Success,UPI,31,1393,4.5,3.4,NULL,No,2024-07-06,14:18:00
CNR5695161177,CID515244,Bike,Success,Cash,13,481,4.7,3.7,NULL,No,2024-07-26,19:02:00
CNR3701237012,CID819006,"Prime Sedan",Success,UPI,25,446,3.5,4,NULL,No,2024-07-28,06:05:00
CNR7868829140,CID233386,Mini,Success,"Credit Card",19,1134,3.7,3.4,NULL,No,2024-07-17,20:46:00
CNR9765471738,CID579696,"Prime Sedan",Success,UPI,30,218,4.5,4.8,NULL,No,2024-07-23,04:25:00
CNR7650472214,CID821265,Auto,Success,UPI,2,395,3.6,4.6,NULL,No,2024-07-02,23:30:00
CNR4690250276,CID581071,"Prime SUV",Success,Cash,39,299,4.4,4,NULL,No,2024-07-21,19:47:00
CNR2095968467,CID867238,"Prime Plus",Success,UPI,3,111,4.3,4,NULL,No,2024-07-18,13:30:00
CNR3375761138,CID347284,"Prime Plus","Driver Not Found",NULL,0,402,NULL,NULL,NULL,NULL,2024-07-03,16:10:00
CNR9481116440,CID111139,Bike,"Canceled by Driver",NULL,0,473,NULL,NULL,NULL,NULL,2024-07-11,17:25:00
CNR8697339796,CID709674,"Prime Sedan",Success,UPI,39,159,4,4.5,NULL,No,2024-07-15,19:19:00
CNR1206581017,CID574550,Mini,Success,Cash,29,140,3.6,4.2,NULL,No,2024-07-22,03:50:00
CNR4499128231,CID580584,"Prime SUV",Success,Cash,15,454,4.1,3.3,NULL,No,2024-07-06,10:02:00
CNR1298715434,CID501412,"Prime SUV",Success,UPI,27,321,3.9,4,NULL,No,2024-07-01,08:42:00
CNR4312763444,CID211216,"Prime Plus",Success,Cash,45,193,3.3,4.9,NULL,No,2024-07-24,23:38:00
CNR1340571019,CID160873,eBike,Success,UPI,46,463,3.2,3.7,NULL,No,2024-07-18,03:19:00
CNR6844091426,CID676815,"Prime SUV",Success,Cash,11,178,4.3,3,NULL,No,2024-07-15,08:16:00
CNR3741516922,CID892507,"Prime Plus",Success,Cash,30,272,4.4,4.8,NULL,No,2024-07-23,04:53:00
CNR6878633136,CID435898,Bike,Success,Cash,10,227,3.2,4.5,NULL,No,2024-07-12,20:33:00
CNR8389880405,CID679884,eBike,Success,Cash,49,235,4.2,3.2,NULL,No,2024-07-29,07:20:00
CNR1031164731,CID734920,"Prime SUV",Success,Cash,9,868,3.9,4.1,NULL,No,2024-07-20,13:54:00
CNR3055910851,CID848384,Auto,Success,Cash,14,174,4.1,4,NULL,No,2024-07-12,18:29:00
CNR3443143842,CID620200,"Prime SUV",Success,Cash,2,295,4,3.5,NULL,No,2024-07-15,13:19:00
CNR5284402721,CID555275,Auto,"Canceled by Driver",NULL,0,135,NULL,NULL,NULL,NULL,2024-07-22,14:55:00
CNR8736272853,CID947890,Auto,Success,UPI,13,635,3.8,3.9,NULL,No,2024-07-21,16:18:00
CNR8526227100,CID337335,eBike,Success,UPI,33,401,3.5,4.1,NULL,No,2024-07-02,23:05:00
CNR2586256618,CID496185,Auto,Success,Cash,10,155,3.1,4.7,NULL,No,2024-07-12,07:48:00
CNR8718237542,CID387617,"Prime Plus",Success,UPI,13,1676,4.8,4.2,NULL,No,2024-07-28,05:15:00
CNR4747588582,CID117316,"Prime Sedan","Driver Not Found",NULL,0,672,NULL,NULL,NULL,NULL,2024-07-23,21:08:00
CNR5372933060,CID275438,Auto,"Driver Not Found",NULL,0,263,NULL,NULL,NULL,NULL,2024-07-20,20:42:00
CNR3742047404,CID789297,Bike,Success,UPI,5,266,3.6,3.6,NULL,No,2024-07-16,19:44:00
CNR6451620987,CID611238,Bike,"Driver Not Found",NULL,0,230,NULL,NULL,NULL,NULL,2024-07-07,06:27:00
CNR4349498244,CID176493,Auto,Success,Cash,18,2972,4,3.7,NULL,No,2024-07-01,19:18:00
CNR2064398038,CID224260,"Prime Plus",Success,Cash,42,354,4.8,4,NULL,No,2024-07-01,09:51:00
CNR4326236808,CID928586,Bike,Success,"Credit Card",36,227,4.7,5,"Customer Demand",Yes,2024-07-05,02:38:00
CNR8746895101,CID839090,Mini,Success,"Credit Card",17,2685,3.5,4.6,NULL,No,2024-07-03,22:46:00
CNR2360764819,CID307899,Auto,Success,Cash,10,797,4.1,4.9,"Other Issue",Yes,2024-07-19,04:20:00
CNR7413141901,CID714101,Bike,Success,Cash,31,229,4.7,4.3,NULL,No,2024-07-18,17:03:00
CNR7230620698,CID465729,Auto,Success,UPI,10,1997,4.3,4,NULL,No,2024-07-12,23:12:00
CNR6947093690,CID803175,"Prime SUV",Success,UPI,15,439,4.6,5,NULL,No,2024-07-07,16:57:00
CNR4790435059,CID534198,Mini,"Canceled by Driver",NULL,0,456,NULL,NULL,NULL,NULL,2024-07-13,20:07:00
CNR3717431082,CID144787,"Prime Sedan",Success,UPI,10,1989,3.9,3.7,NULL,No,2024-07-24,02:24:00
CNR1119886411,CID614002,"Prime Plus","Driver Not Found",NULL,0,449,NULL,NULL,NULL,NULL,2024-07-22,05:07:00
CNR7546954350,CID157191,"Prime Sedan",Success,UPI,15,494,4,4.2,NULL,No,2024-07-12,22:18:00
CNR8681622859,CID751314,Mini,"Driver Not Found",NULL,0,158,NULL,NULL,NULL,NULL,2024-07-09,05:41:00
CNR3911087012,CID176825,Mini,Success,Cash,41,632,3.4,3,"Vehicle Breakdown",Yes,2024-07-20,08:15:00
CNR6657813538,CID555376,eBike,Success,Cash,33,190,4.2,4.6,NULL,No,2024-07-11,17:43:00
CNR8755664720,CID253924,Mini,"Canceled by Customer",NULL,0,969,NULL,NULL,NULL,NULL,2024-07-02,01:22:00
CNR9271694901,CID122064,Auto,"Canceled by Driver",NULL,0,300,NULL,NULL,NULL,NULL,2024-07-04,02:13:00
CNR6626953383,CID998004,Auto,"Canceled by Customer",NULL,0,486,NULL,NULL,NULL,NULL,2024-07-17,09:41:00
CNR6410696298,CID232697,eBike,Success,Cash,37,434,3.6,4.9,NULL,No,2024-07-29,14:26:00
CNR3325610101,CID476333,Mini,Success,Cash,9,274,3.4,4.8,NULL,No,2024-07-14,06:28:00
CNR7162209765,CID101544,"Prime Plus",Success,UPI,42,240,4.4,3.7,NULL,No,2024-07-01,01:27:00
CNR6109622128,CID364492,"Prime Sedan","Driver Not Found",NULL,0,144,NULL,NULL,NULL,NULL,2024-07-05,20:52:00
CNR4421994853,CID143782,Auto,"Canceled by Driver",NULL,0,364,NULL,NULL,NULL,NULL,2024-07-01,11:13:00
CNR1925768452,CID704829,Auto,"Driver Not Found",NULL,0,355,NULL,NULL,NULL,NULL,2024-07-11,00:35:00
CNR5648143504,CID103348,Mini,Success,UPI,33,466,3.4,3.4,NULL,No,2024-07-08,01:13:00
CNR8115262014,CID305697,Auto,Success,"Credit Card",15,562,3.8,3.5,NULL,No,2024-07-12,05:38:00
CNR7823516770,CID188003,"Prime Plus","Canceled by Driver",NULL,0,804,NULL,NULL,NULL,NULL,2024-07-06,06:49:00
CNR8493356788,CID622747,"Prime SUV",Success,Cash,44,767,4.7,3.5,NULL,No,2024-07-09,12:27:00
CNR3058067820,CID817628,Mini,"Canceled by Driver",NULL,0,152,NULL,NULL,NULL,NULL,2024-07-30,23:46:00
CNR4333147707,CID404369,"Prime Plus","Canceled by Driver",NULL,0,804,NULL,NULL,NULL,NULL,2024-07-01,22:26:00
CNR8641512493,CID304875,Bike,Success,Cash,4,408,3.1,3.9,NULL,No,2024-07-28,20:24:00
CNR3403243453,CID955257,"Prime Plus","Canceled by Driver",NULL,0,542,NULL,NULL,NULL,NULL,2024-07-12,01:47:00
CNR7546460644,CID983643,"Prime SUV",Success,UPI,27,474,4.3,3,NULL,No,2024-07-02,19:17:00
CNR8208143819,CID194959,Auto,"Canceled by Driver",NULL,0,226,NULL,NULL,NULL,NULL,2024-07-11,17:19:00
CNR3158442253,CID846638,Auto,"Canceled by Customer",NULL,0,350,NULL,NULL,NULL,NULL,2024-07-02,01:33:00
CNR1865369186,CID638268,"Prime Plus",Success,Cash,19,332,3.9,4.1,NULL,No,2024-07-07,05:27:00
CNR7198075514,CID650773,eBike,"Canceled by Customer",NULL,0,322,NULL,NULL,NULL,NULL,2024-07-22,23:33:00
CNR5894031971,CID887772,"Prime Plus",Success,UPI,33,860,3.2,4.3,NULL,No,2024-07-27,06:15:00
CNR6369935063,CID307065,"Prime Sedan","Canceled by Driver",NULL,0,991,NULL,NULL,NULL,NULL,2024-07-06,12:31:00
CNR6302101502,CID280152,Bike,Success,Cash,21,253,3.1,3.4,NULL,No,2024-07-22,08:00:00
CNR6911635936,CID781831,Auto,"Canceled by Customer",NULL,0,493,NULL,NULL,NULL,NULL,2024-07-29,13:51:00
CNR8210949729,CID681185,Bike,Success,Cash,25,499,4.1,4.9,NULL,No,2024-07-26,19:36:00
CNR7389837544,CID641732,Auto,Success,UPI,6,759,3.2,3.3,NULL,No,2024-07-19,01:02:00
CNR3731051841,CID920291,Bike,"Driver Not Found",NULL,0,425,NULL,NULL,NULL,NULL,2024-07-09,06:31:00
CNR5069047408,CID141181,Auto,"Canceled by Driver",NULL,0,441,NULL,NULL,NULL,NULL,2024-07-24,06:12:00
CNR5118920286,CID339642,Auto,"Canceled by Driver",NULL,0,184,NULL,NULL,NULL,NULL,2024-07-20,06:34:00
CNR2162091754,CID788775,Mini,Success,UPI,48,492,4.7,4.1,NULL,No,2024-07-06,16:03:00
CNR7922694663,CID774019,"Prime Plus","Driver Not Found",NULL,0,651,NULL,NULL,NULL,NULL,2024-07-17,12:14:00
CNR1440190398,CID436595,Auto,"Canceled by Customer",NULL,0,599,NULL,NULL,NULL,NULL,2024-07-30,08:56:00
CNR2463579135,CID493481,Bike,"Driver Not Found",NULL,0,142,NULL,NULL,NULL,NULL,2024-07-15,01:40:00
CNR3005238846,CID906587,Bike,"Canceled by Customer",NULL,0,688,NULL,NULL,NULL,NULL,2024-07-18,11:18:00
CNR3639188731,CID640076,Auto,Success,"Credit Card",18,290,4.6,4.2,NULL,No,2024-07-29,03:11:00
CNR2618079867,CID993822,"Prime Sedan","Canceled by Customer",NULL,0,419,NULL,NULL,NULL,NULL,2024-07-03,22:12:00
